,datetime,ask,bid
0,2023-07-19 15:14:10.326982,1.29561,1.29547
1,2023-07-19 15:14:10.460316,1.29561,1.29547
2,2023-07-19 15:14:10.528612,1.29561,1.29547
3,2023-07-19 15:14:10.615357,1.2956,1.29547
4,2023-07-19 15:14:10.700515,1.29561,1.29547
5,2023-07-19 15:14:10.790788,1.29561,1.29547
6,2023-07-19 15:14:10.884514,1.2956,1.29547
7,2023-07-19 15:14:10.965428,1.2956,1.29547
8,2023-07-19 15:14:11.044681,1.2956,1.29547
9,2023-07-19 15:14:11.107159,1.2956,1.29547
10,2023-07-19 15:14:11.187168,1.29558,1.29545
11,2023-07-19 15:14:11.279289,1.2956,1.29546
12,2023-07-19 15:14:11.356561,1.2956,1.29546
13,2023-07-19 15:14:11.440351,1.2956,1.29546
14,2023-07-19 15:14:11.499817,1.2956,1.29546
15,2023-07-19 15:14:11.561819,1.2956,1.29546
16,2023-07-19 15:14:11.639918,1.2956,1.29546
17,2023-07-19 15:14:11.701093,1.2956,1.29546
18,2023-07-19 15:14:11.806303,1.2956,1.29546
19,2023-07-19 15:14:11.905037,1.2956,1.29546
20,2023-07-19 15:14:12.003775,1.2956,1.29546
21,2023-07-19 15:14:12.226504,1.29557,1.29543
22,2023-07-19 15:14:12.345189,1.29557,1.29543
23,2023-07-19 15:14:12.434083,1.29557,1.29543
24,2023-07-19 15:14:12.496617,1.29557,1.29543
25,2023-07-19 15:14:12.584972,1.29557,1.29543
26,2023-07-19 15:14:12.687219,1.29557,1.29543
27,2023-07-19 15:14:12.763074,1.29556,1.29542
28,2023-07-19 15:14:12.863754,1.29555,1.29542
29,2023-07-19 15:14:12.936345,1.29555,1.29542
30,2023-07-19 15:14:13.009582,1.29555,1.29542
31,2023-07-19 15:14:13.075780,1.29555,1.29542
32,2023-07-19 15:14:13.138263,1.29555,1.29542
33,2023-07-19 15:14:13.213169,1.29555,1.29542
34,2023-07-19 15:14:13.277708,1.29555,1.29542
35,2023-07-19 15:14:13.340193,1.29555,1.29542
36,2023-07-19 15:14:13.414754,1.29555,1.29542
37,2023-07-19 15:14:13.466212,1.29555,1.29542
38,2023-07-19 15:14:13.591425,1.29555,1.29542
39,2023-07-19 15:14:13.653373,1.29555,1.29542
40,2023-07-19 15:14:13.716329,1.29551,1.29537
41,2023-07-19 15:14:13.795317,1.29548,1.29536
42,2023-07-19 15:14:13.872702,1.29548,1.29535
43,2023-07-19 15:14:13.935186,1.29548,1.29535
44,2023-07-19 15:14:13.997432,1.29548,1.29535
45,2023-07-19 15:14:14.075494,1.29544,1.29531
46,2023-07-19 15:14:14.139186,1.29544,1.29531
47,2023-07-19 15:14:14.200310,1.29544,1.29531
48,2023-07-19 15:14:14.263047,1.29544,1.29531
49,2023-07-19 15:14:14.345662,1.29544,1.29531
50,2023-07-19 15:14:14.419462,1.29544,1.29531
51,2023-07-19 15:14:14.607171,1.29544,1.29531
52,2023-07-19 15:14:14.685276,1.29544,1.29531
53,2023-07-19 15:14:14.748379,1.29544,1.29531
54,2023-07-19 15:14:14.810864,1.29544,1.29531
55,2023-07-19 15:14:15.013292,1.29542,1.29528
56,2023-07-19 15:14:15.091791,1.29542,1.29528
57,2023-07-19 15:14:15.154274,1.29542,1.29528
58,2023-07-19 15:14:15.216594,1.29542,1.29528
59,2023-07-19 15:14:15.296035,1.29542,1.29528
60,2023-07-19 15:14:15.356934,1.29542,1.29528
61,2023-07-19 15:14:15.434990,1.29541,1.29527
62,2023-07-19 15:14:15.497454,1.29541,1.29527
63,2023-07-19 15:14:15.576260,1.29541,1.29527
64,2023-07-19 15:14:15.638634,1.29541,1.29527
65,2023-07-19 15:14:15.716741,1.29541,1.29527
66,2023-07-19 15:14:15.778658,1.29541,1.29527
67,2023-07-19 15:14:15.857290,1.29541,1.29527
68,2023-07-19 15:14:15.922182,1.29541,1.29527
69,2023-07-19 15:14:15.981935,1.29541,1.29527
70,2023-07-19 15:14:16.062196,1.29542,1.29528
71,2023-07-19 15:14:16.125926,1.29542,1.29528
72,2023-07-19 15:14:16.200904,1.29542,1.29528
73,2023-07-19 15:14:16.263899,1.29542,1.29528
74,2023-07-19 15:14:16.325195,1.29542,1.29528
75,2023-07-19 15:14:16.403796,1.29542,1.29528
76,2023-07-19 15:14:16.498854,1.29542,1.29528
77,2023-07-19 15:14:16.614882,1.29542,1.29528
78,2023-07-19 15:14:16.715577,1.29542,1.29528
79,2023-07-19 15:14:16.828276,1.29542,1.29528
80,2023-07-19 15:14:16.945962,1.29542,1.29528
81,2023-07-19 15:14:17.146627,1.29542,1.29528
82,2023-07-19 15:14:17.205420,1.29542,1.29528
83,2023-07-19 15:14:17.292553,1.29542,1.29528
84,2023-07-19 15:14:17.361420,1.29542,1.29528
85,2023-07-19 15:14:17.434224,1.29542,1.29528
86,2023-07-19 15:14:17.505310,1.29542,1.29528
87,2023-07-19 15:14:17.600268,1.29542,1.29528
88,2023-07-19 15:14:17.701996,1.29542,1.29528
89,2023-07-19 15:14:17.795227,1.29542,1.29528
90,2023-07-19 15:14:17.928924,1.29542,1.29528
91,2023-07-19 15:14:18.168337,1.29542,1.29526
92,2023-07-19 15:14:18.312347,1.29541,1.29527
93,2023-07-19 15:14:18.400111,1.29541,1.29527
94,2023-07-19 15:14:18.494858,1.29541,1.29527
95,2023-07-19 15:14:18.614540,1.29541,1.29527
96,2023-07-19 15:14:18.713274,1.29541,1.29527
97,2023-07-19 15:14:18.812011,1.29541,1.29527
98,2023-07-19 15:14:18.908309,1.29542,1.29529
99,2023-07-19 15:14:18.979121,1.29542,1.29529
100,2023-07-19 15:14:19.071873,1.29542,1.29529
101,2023-07-19 15:14:19.188563,1.29542,1.29529
102,2023-07-19 15:14:19.342309,1.29542,1.29529
103,2023-07-19 15:14:19.477933,1.29542,1.29529
104,2023-07-19 15:14:19.598609,1.29542,1.29529
105,2023-07-19 15:14:19.692675,1.29542,1.29529
106,2023-07-19 15:14:19.771247,1.29542,1.29529
107,2023-07-19 15:14:19.872980,1.29542,1.29529
108,2023-07-19 15:14:20.031861,1.29542,1.29529
109,2023-07-19 15:14:20.130595,1.29542,1.29529
110,2023-07-19 15:14:20.221353,1.29541,1.29529
111,2023-07-19 15:14:20.337939,1.29541,1.29528
112,2023-07-19 15:14:20.424602,1.29541,1.29528
113,2023-07-19 15:14:20.508378,1.29541,1.29528
114,2023-07-19 15:14:20.630052,1.29541,1.29528
115,2023-07-19 15:14:20.764693,1.29541,1.29528
116,2023-07-19 15:14:20.864426,1.29541,1.29528
117,2023-07-19 15:14:20.953201,1.29541,1.29528
118,2023-07-19 15:14:21.033985,1.29541,1.29528
119,2023-07-19 15:14:21.132721,1.29541,1.29528
120,2023-07-19 15:14:21.305259,1.29541,1.29528
121,2023-07-19 15:14:21.516352,1.29541,1.29528
122,2023-07-19 15:14:21.592149,1.29541,1.29528
123,2023-07-19 15:14:21.687896,1.29541,1.29528
124,2023-07-19 15:14:21.774705,1.29541,1.29528
125,2023-07-19 15:14:21.848666,1.29541,1.29528
126,2023-07-19 15:14:21.919476,1.29541,1.29528
127,2023-07-19 15:14:21.995295,1.29541,1.29528
128,2023-07-19 15:14:22.069175,1.29541,1.29528
129,2023-07-19 15:14:22.140980,1.29541,1.29528
130,2023-07-19 15:14:22.227747,1.29541,1.29528
131,2023-07-19 15:14:22.327158,1.29541,1.29528
132,2023-07-19 15:14:22.414929,1.29541,1.29528
133,2023-07-19 15:14:22.503691,1.2954,1.29527
134,2023-07-19 15:14:22.576498,1.2954,1.29527
135,2023-07-19 15:14:22.657281,1.2954,1.29526
136,2023-07-19 15:14:22.729367,1.2954,1.29526
137,2023-07-19 15:14:22.822126,1.2954,1.29526
138,2023-07-19 15:14:22.916040,1.2954,1.29526
139,2023-07-19 15:14:22.997519,1.2954,1.29526
140,2023-07-19 15:14:23.074313,1.2954,1.29526
141,2023-07-19 15:14:23.150114,1.2954,1.29526
142,2023-07-19 15:14:23.250883,1.29539,1.29525
143,2023-07-19 15:14:23.326679,1.29539,1.29525
144,2023-07-19 15:14:23.399479,1.29539,1.29525
145,2023-07-19 15:14:23.472127,1.29539,1.29525
146,2023-07-19 15:14:23.547924,1.29539,1.29525
147,2023-07-19 15:14:23.625179,1.29539,1.29525
148,2023-07-19 15:14:23.696226,1.29539,1.29525
149,2023-07-19 15:14:23.772927,1.29539,1.29525
150,2023-07-19 15:14:23.844118,1.29539,1.29525
151,2023-07-19 15:14:23.916925,1.29539,1.29525
152,2023-07-19 15:14:23.991724,1.29539,1.29525
153,2023-07-19 15:14:24.068565,1.29539,1.29525
154,2023-07-19 15:14:24.141362,1.29539,1.29525
155,2023-07-19 15:14:24.217790,1.29539,1.29525
156,2023-07-19 15:14:24.289597,1.29539,1.29525
157,2023-07-19 15:14:24.370157,1.29539,1.29525
158,2023-07-19 15:14:24.448458,1.29539,1.29525
159,2023-07-19 15:14:24.520266,1.29539,1.29525
160,2023-07-19 15:14:24.595066,1.29539,1.29525
161,2023-07-19 15:14:24.663869,1.29539,1.29525
162,2023-07-19 15:14:24.739664,1.29539,1.29525
163,2023-07-19 15:14:24.809479,1.29539,1.29525
164,2023-07-19 15:14:24.882927,1.29539,1.29525
165,2023-07-19 15:14:24.954801,1.29539,1.29525
166,2023-07-19 15:14:25.026608,1.29539,1.29525
167,2023-07-19 15:14:25.273473,1.29539,1.29525
168,2023-07-19 15:14:25.405310,1.29539,1.29525
169,2023-07-19 15:14:25.509033,1.29539,1.29525
170,2023-07-19 15:14:25.612755,1.29539,1.29525
171,2023-07-19 15:14:25.729120,1.29539,1.29525
172,2023-07-19 15:14:25.860768,1.29539,1.29525
173,2023-07-19 15:14:26.008373,1.29539,1.29525
174,2023-07-19 15:14:26.122070,1.29539,1.29525
175,2023-07-19 15:14:26.290637,1.29539,1.29525
176,2023-07-19 15:14:26.469103,1.29539,1.29525
177,2023-07-19 15:14:26.585790,1.29539,1.29525
178,2023-07-19 15:14:26.694499,1.29539,1.29525
179,2023-07-19 15:14:26.813183,1.29539,1.29525
180,2023-07-19 15:14:26.895960,1.29539,1.29525
181,2023-07-19 15:14:26.979737,1.29539,1.29525
182,2023-07-19 15:14:27.066418,1.29539,1.29525
183,2023-07-19 15:14:27.139222,1.29539,1.29525
184,2023-07-19 15:14:27.220072,1.29539,1.29525
185,2023-07-19 15:14:27.298420,1.29539,1.29525
186,2023-07-19 15:14:27.374481,1.29539,1.29525
187,2023-07-19 15:14:27.451494,1.29539,1.29525
188,2023-07-19 15:14:27.524862,1.29539,1.29525
189,2023-07-19 15:14:27.614345,1.29539,1.29525
190,2023-07-19 15:14:27.694131,1.29539,1.29525
191,2023-07-19 15:14:27.773212,1.29539,1.29525
192,2023-07-19 15:14:27.853284,1.29539,1.29525
193,2023-07-19 15:14:27.939055,1.29539,1.29525
194,2023-07-19 15:14:28.094174,1.29539,1.29525
195,2023-07-19 15:14:28.241777,1.29539,1.29525
196,2023-07-19 15:14:28.404476,1.29539,1.29525
197,2023-07-19 15:14:28.558066,1.29539,1.29525
198,2023-07-19 15:14:28.700688,1.29539,1.29525
199,2023-07-19 15:14:28.811662,1.29539,1.29525
200,2023-07-19 15:14:28.881194,1.29539,1.29525
201,2023-07-19 15:14:28.941544,1.29539,1.29525
202,2023-07-19 15:14:29.014922,1.29539,1.29525
203,2023-07-19 15:14:29.094160,1.29539,1.29525
204,2023-07-19 15:14:29.170329,1.29539,1.29525
205,2023-07-19 15:14:29.239750,1.29539,1.29525
206,2023-07-19 15:14:29.434665,1.29539,1.29525
207,2023-07-19 15:14:29.497151,1.29539,1.29525
208,2023-07-19 15:14:29.560484,1.29539,1.29525
209,2023-07-19 15:14:29.637660,1.29539,1.29525
210,2023-07-19 15:14:29.700146,1.29539,1.29525
211,2023-07-19 15:14:29.774692,1.29539,1.29525
212,2023-07-19 15:14:29.842009,1.29539,1.29525
213,2023-07-19 15:14:29.904291,1.29539,1.29525
214,2023-07-19 15:14:29.966498,1.29539,1.29525
215,2023-07-19 15:14:30.029316,1.29539,1.29525
216,2023-07-19 15:14:30.106884,1.29539,1.29525
217,2023-07-19 15:14:30.177735,1.29539,1.29525
218,2023-07-19 15:14:30.237336,1.29539,1.29525
219,2023-07-19 15:14:30.374820,1.29539,1.29525
220,2023-07-19 15:14:30.448064,1.29539,1.29525
221,2023-07-19 15:14:30.517581,1.29539,1.29525
222,2023-07-19 15:14:30.597141,1.29539,1.29525
223,2023-07-19 15:14:30.681001,1.29539,1.29525
224,2023-07-19 15:14:30.753806,1.29539,1.29525
225,2023-07-19 15:14:30.827788,1.29539,1.29525
226,2023-07-19 15:14:30.894919,1.29539,1.29525
227,2023-07-19 15:14:30.957406,1.29539,1.29525
228,2023-07-19 15:14:31.035511,1.29539,1.29525
229,2023-07-19 15:14:31.091732,1.29539,1.29525
230,2023-07-19 15:14:31.169570,1.29539,1.29525
231,2023-07-19 15:14:31.232056,1.29539,1.29525
232,2023-07-19 15:14:31.311800,1.29539,1.29525
233,2023-07-19 15:14:31.387581,1.29539,1.29525
234,2023-07-19 15:14:31.445923,1.29539,1.29525
235,2023-07-19 15:14:31.526275,1.29539,1.29525
236,2023-07-19 15:14:31.610258,1.29539,1.29525
237,2023-07-19 15:14:31.835135,1.29539,1.29525
238,2023-07-19 15:14:32.348589,1.29539,1.29525
239,2023-07-19 15:14:32.840477,1.29539,1.29525
240,2023-07-19 15:14:32.927129,1.29539,1.29525
241,2023-07-19 15:14:32.995125,1.29539,1.29525
242,2023-07-19 15:14:33.075954,1.29539,1.29525
243,2023-07-19 15:14:33.137855,1.29539,1.29525
244,2023-07-19 15:14:33.213754,1.29539,1.29525
245,2023-07-19 15:14:33.278130,1.29539,1.29525
246,2023-07-19 15:14:33.359090,1.29539,1.29525
247,2023-07-19 15:14:33.428276,1.29539,1.29525
248,2023-07-19 15:14:33.638300,1.29539,1.29525
249,2023-07-19 15:14:33.700265,1.29539,1.29525
250,2023-07-19 15:14:33.775415,1.29539,1.29525
251,2023-07-19 15:14:33.841826,1.29539,1.29525
252,2023-07-19 15:14:33.903838,1.29539,1.29525
253,2023-07-19 15:14:33.966325,1.29539,1.29525
254,2023-07-19 15:14:34.028504,1.29539,1.29525
255,2023-07-19 15:14:34.111138,1.29539,1.29525
256,2023-07-19 15:14:34.340525,1.29539,1.29525
257,2023-07-19 15:14:34.451315,1.29539,1.29525
258,2023-07-19 15:14:34.563089,1.29539,1.29525
259,2023-07-19 15:14:34.677707,1.29539,1.29525
260,2023-07-19 15:14:34.814035,1.29539,1.29525
261,2023-07-19 15:14:34.965630,1.29539,1.29525
262,2023-07-19 15:14:35.115231,1.29539,1.29525
263,2023-07-19 15:14:35.334643,1.29539,1.29525
264,2023-07-19 15:14:35.454602,1.29539,1.29525
265,2023-07-19 15:14:35.561315,1.29539,1.29525
266,2023-07-19 15:14:35.659054,1.29539,1.29525
267,2023-07-19 15:14:35.746821,1.29539,1.29525
268,2023-07-19 15:14:35.824423,1.29539,1.29525
269,2023-07-19 15:14:35.896264,1.29539,1.29525
270,2023-07-19 15:14:35.960386,1.29539,1.29525
271,2023-07-19 15:14:36.198758,1.29539,1.29525
272,2023-07-19 15:14:36.303426,1.29539,1.29525
273,2023-07-19 15:14:36.377981,1.29539,1.29525
274,2023-07-19 15:14:36.441555,1.29539,1.29525
275,2023-07-19 15:14:36.504019,1.29539,1.29525
276,2023-07-19 15:14:36.566504,1.29539,1.29525
277,2023-07-19 15:14:36.639406,1.29539,1.29525
278,2023-07-19 15:14:36.701891,1.29539,1.29525
279,2023-07-19 15:14:36.763626,1.29539,1.29525
280,2023-07-19 15:14:36.842864,1.29539,1.29525
281,2023-07-19 15:14:36.903499,1.29539,1.29525
282,2023-07-19 15:14:36.977903,1.29539,1.29525
283,2023-07-19 15:14:37.036319,1.29539,1.29525
284,2023-07-19 15:14:37.114429,1.29539,1.29525
285,2023-07-19 15:14:37.188109,1.29539,1.29525
286,2023-07-19 15:14:37.257412,1.29539,1.29525
287,2023-07-19 15:14:37.323709,1.29539,1.29525
288,2023-07-19 15:14:37.416795,1.29539,1.29525
289,2023-07-19 15:14:37.521802,1.29539,1.29525
290,2023-07-19 15:14:37.609229,1.29539,1.29525
291,2023-07-19 15:14:37.687456,1.29539,1.29525
292,2023-07-19 15:14:37.795212,1.29539,1.29525
293,2023-07-19 15:14:37.876864,1.29539,1.29525
294,2023-07-19 15:14:37.954638,1.29539,1.29525
295,2023-07-19 15:14:38.024031,1.29539,1.29525
296,2023-07-19 15:14:38.252876,1.29539,1.29525
297,2023-07-19 15:14:38.312198,1.29539,1.29525
298,2023-07-19 15:14:38.386808,1.29539,1.29525
299,2023-07-19 15:14:38.451379,1.29539,1.29525
300,2023-07-19 15:14:38.513174,1.29539,1.29525
301,2023-07-19 15:14:38.623074,1.29539,1.29525
302,2023-07-19 15:14:38.745747,1.29539,1.29525
303,2023-07-19 15:14:38.841283,1.29539,1.29525
304,2023-07-19 15:14:38.938037,1.29539,1.29525
305,2023-07-19 15:14:39.022515,1.29539,1.29525
306,2023-07-19 15:14:39.106316,1.29539,1.29525
307,2023-07-19 15:14:39.188468,1.29539,1.29525
308,2023-07-19 15:14:39.291186,1.29539,1.29525
309,2023-07-19 15:14:39.392331,1.29539,1.29525
310,2023-07-19 15:14:39.476107,1.29539,1.29525
311,2023-07-19 15:14:39.558969,1.29539,1.29525
312,2023-07-19 15:14:39.632481,1.29539,1.29525
313,2023-07-19 15:14:39.697209,1.29539,1.29525
314,2023-07-19 15:14:39.765523,1.29539,1.29525
315,2023-07-19 15:14:39.828007,1.29539,1.29525
316,2023-07-19 15:14:39.910380,1.29539,1.29525
317,2023-07-19 15:14:39.979743,1.29539,1.29525
318,2023-07-19 15:14:40.043307,1.29539,1.29525
319,2023-07-19 15:14:40.137825,1.29539,1.29525
320,2023-07-19 15:14:40.257505,1.29539,1.29525
321,2023-07-19 15:14:40.354247,1.29539,1.29525
322,2023-07-19 15:14:40.434486,1.29539,1.29525
323,2023-07-19 15:14:40.510072,1.29539,1.29525
324,2023-07-19 15:14:40.597839,1.29539,1.29525
325,2023-07-19 15:14:40.702358,1.29539,1.29525
326,2023-07-19 15:14:40.780484,1.29539,1.29525
327,2023-07-19 15:14:40.847229,1.29539,1.29525
328,2023-07-19 15:14:40.919532,1.29539,1.29525
329,2023-07-19 15:14:40.989269,1.29539,1.29525
330,2023-07-19 15:14:41.051321,1.29539,1.29525
331,2023-07-19 15:14:41.122951,1.29539,1.29525
332,2023-07-19 15:14:41.185435,1.29539,1.29525
333,2023-07-19 15:14:41.280818,1.29539,1.29525
334,2023-07-19 15:14:41.396600,1.29539,1.29525
335,2023-07-19 15:14:41.493708,1.29539,1.29525
336,2023-07-19 15:14:41.596434,1.29539,1.29525
337,2023-07-19 15:14:41.720105,1.29539,1.29525
338,2023-07-19 15:14:41.942509,1.29539,1.29525
339,2023-07-19 15:14:42.093107,1.29539,1.29525
340,2023-07-19 15:14:42.173094,1.29539,1.29525
341,2023-07-19 15:14:42.263338,1.29539,1.29525
342,2023-07-19 15:14:42.411941,1.29539,1.29525
343,2023-07-19 15:14:42.526698,1.29539,1.29525
344,2023-07-19 15:14:42.642391,1.29539,1.29525
345,2023-07-19 15:14:42.762054,1.29539,1.29525
346,2023-07-19 15:14:42.860790,1.29539,1.29525
347,2023-07-19 15:14:42.977478,1.29539,1.29525
348,2023-07-19 15:14:43.066241,1.29539,1.29525
349,2023-07-19 15:14:43.150018,1.29539,1.29525
350,2023-07-19 15:14:43.240773,1.29539,1.29525
351,2023-07-19 15:14:43.331531,1.29539,1.29525
352,2023-07-19 15:14:43.419295,1.29539,1.29525
353,2023-07-19 15:14:43.515616,1.29539,1.29525
354,2023-07-19 15:14:43.647158,1.29539,1.29525
355,2023-07-19 15:14:43.733926,1.29539,1.29525
356,2023-07-19 15:14:43.844628,1.29539,1.29525
357,2023-07-19 15:14:44.025146,1.29539,1.29525
358,2023-07-19 15:14:44.190356,1.29539,1.29525
359,2023-07-19 15:14:44.308040,1.29539,1.29525
360,2023-07-19 15:14:44.413186,1.29539,1.29525
361,2023-07-19 15:14:44.471582,1.29539,1.29525
362,2023-07-19 15:14:44.557926,1.29539,1.29525
363,2023-07-19 15:14:44.630375,1.29539,1.29525
364,2023-07-19 15:14:44.706657,1.29539,1.29525
365,2023-07-19 15:14:44.777136,1.29539,1.29525
366,2023-07-19 15:14:44.840686,1.29539,1.29525
367,2023-07-19 15:14:44.901239,1.29539,1.29525
368,2023-07-19 15:14:45.020329,1.29539,1.29525
369,2023-07-19 15:14:45.233156,1.29539,1.29525
370,2023-07-19 15:14:45.307682,1.29539,1.29525
371,2023-07-19 15:14:45.389038,1.29539,1.29525
372,2023-07-19 15:14:45.458364,1.29539,1.29525
373,2023-07-19 15:14:45.513783,1.29539,1.29525
374,2023-07-19 15:14:45.581306,1.29539,1.29525
375,2023-07-19 15:14:45.674781,1.29539,1.29525
376,2023-07-19 15:14:45.734245,1.29539,1.29525
377,2023-07-19 15:14:45.796178,1.29539,1.29525
378,2023-07-19 15:14:45.877731,1.29539,1.29525
379,2023-07-19 15:14:45.953579,1.29539,1.29525
380,2023-07-19 15:14:46.024021,1.29539,1.29525
381,2023-07-19 15:14:46.078760,1.29539,1.29525
382,2023-07-19 15:14:46.170499,1.29539,1.29525
383,2023-07-19 15:14:46.295718,1.29539,1.29525
384,2023-07-19 15:14:46.391805,1.29539,1.29525
385,2023-07-19 15:14:46.458996,1.29539,1.29525
386,2023-07-19 15:14:46.531301,1.29539,1.29525
387,2023-07-19 15:14:46.603062,1.29539,1.29525
388,2023-07-19 15:14:46.687783,1.29539,1.29525
389,2023-07-19 15:14:46.782275,1.29539,1.29525
390,2023-07-19 15:14:46.882108,1.29539,1.29525
391,2023-07-19 15:14:46.949004,1.29539,1.29525
392,2023-07-19 15:14:47.026617,1.29539,1.29525
393,2023-07-19 15:14:47.090328,1.29539,1.29525
394,2023-07-19 15:14:47.152813,1.29539,1.29525
395,2023-07-19 15:14:47.230500,1.29539,1.29525
396,2023-07-19 15:14:47.318503,1.29539,1.29525
397,2023-07-19 15:14:47.395593,1.29539,1.29525
398,2023-07-19 15:14:47.462350,1.29539,1.29525
399,2023-07-19 15:14:47.531555,1.29539,1.29525
400,2023-07-19 15:14:47.608898,1.29539,1.29525
401,2023-07-19 15:14:47.679598,1.29539,1.29525
402,2023-07-19 15:14:47.747008,1.29539,1.29525
403,2023-07-19 15:14:47.809493,1.29539,1.29525
404,2023-07-19 15:14:48.013715,1.29539,1.29525
405,2023-07-19 15:14:48.200387,1.29539,1.29525
406,2023-07-19 15:14:48.262873,1.29539,1.29525
407,2023-07-19 15:14:48.342002,1.29539,1.29525
408,2023-07-19 15:14:48.403288,1.29539,1.29525
409,2023-07-19 15:14:48.468078,1.29539,1.29525
410,2023-07-19 15:14:48.622894,1.29539,1.29525
411,2023-07-19 15:14:48.810013,1.29539,1.29525
412,2023-07-19 15:14:49.012741,1.29539,1.29525
413,2023-07-19 15:14:49.076411,1.29539,1.29525
414,2023-07-19 15:14:49.138898,1.29539,1.29525
415,2023-07-19 15:14:49.216925,1.29539,1.29525
416,2023-07-19 15:14:49.278433,1.29539,1.29525
417,2023-07-19 15:14:49.358940,1.29539,1.29525
418,2023-07-19 15:14:49.418282,1.29539,1.29525
419,2023-07-19 15:14:49.480730,1.29539,1.29525
420,2023-07-19 15:14:49.561396,1.29539,1.29525
421,2023-07-19 15:14:49.622987,1.29539,1.29525
422,2023-07-19 15:14:49.716344,1.29539,1.29525
423,2023-07-19 15:14:49.779638,1.29539,1.29525
424,2023-07-19 15:14:49.842266,1.29539,1.29525
425,2023-07-19 15:14:49.904751,1.29539,1.29525
426,2023-07-19 15:14:49.981530,1.29539,1.29525
427,2023-07-19 15:14:50.046113,1.29539,1.29525
428,2023-07-19 15:14:50.108455,1.29539,1.29525
429,2023-07-19 15:14:50.169718,1.29539,1.29525
430,2023-07-19 15:14:50.251165,1.29539,1.29525
431,2023-07-19 15:14:50.311056,1.29539,1.29525
432,2023-07-19 15:14:50.371869,1.29539,1.29525
433,2023-07-19 15:14:56.479000,1.29539,1.29525
434,2023-07-19 15:14:56.547578,1.29539,1.29525
435,2023-07-19 15:14:56.635534,1.29539,1.29525
436,2023-07-19 15:14:56.700754,1.29539,1.29525
437,2023-07-19 15:14:56.778863,1.29539,1.29525
438,2023-07-19 15:14:56.841299,1.29539,1.29525
439,2023-07-19 15:14:56.919177,1.29539,1.29525
440,2023-07-19 15:14:56.981662,1.29539,1.29525
441,2023-07-19 15:14:57.044787,1.29539,1.29525
442,2023-07-19 15:14:57.124705,1.29539,1.29525
443,2023-07-19 15:14:57.192776,1.29539,1.29525
444,2023-07-19 15:14:57.263348,1.29539,1.29525
445,2023-07-19 15:14:57.336186,1.29539,1.29525
446,2023-07-19 15:14:57.404832,1.29539,1.29525
447,2023-07-19 15:14:57.477128,1.29539,1.29525
448,2023-07-19 15:14:57.558042,1.29539,1.29525
449,2023-07-19 15:14:57.634765,1.29539,1.29525
450,2023-07-19 15:14:57.738671,1.29539,1.29525
451,2023-07-19 15:14:57.801155,1.29539,1.29525
452,2023-07-19 15:14:57.882906,1.29539,1.29525
453,2023-07-19 15:14:57.934821,1.29539,1.29525
454,2023-07-19 15:14:58.012989,1.29539,1.29525
455,2023-07-19 15:14:58.075473,1.29539,1.29525
456,2023-07-19 15:14:58.160812,1.29539,1.29525
457,2023-07-19 15:14:58.239177,1.29539,1.29525
458,2023-07-19 15:14:58.307898,1.29539,1.29525
459,2023-07-19 15:14:58.393342,1.29539,1.29525
460,2023-07-19 15:14:58.467884,1.29539,1.29525
461,2023-07-19 15:14:58.532926,1.29539,1.29525
462,2023-07-19 15:14:58.593258,1.29539,1.29525
463,2023-07-19 15:14:58.653898,1.29539,1.29525
464,2023-07-19 15:14:58.732006,1.29539,1.29525
465,2023-07-19 15:14:58.794497,1.29539,1.29525
466,2023-07-19 15:14:58.866752,1.29539,1.29525
467,2023-07-19 15:14:58.918702,1.29539,1.29525
468,2023-07-19 15:14:58.998350,1.29539,1.29525
469,2023-07-19 15:14:59.064738,1.29539,1.29525
470,2023-07-19 15:14:59.122978,1.29539,1.29525
471,2023-07-19 15:14:59.201949,1.29539,1.29525
472,2023-07-19 15:14:59.273756,1.29539,1.29525
473,2023-07-19 15:14:59.346562,1.29539,1.29525
474,2023-07-19 15:14:59.453277,1.29539,1.29525
475,2023-07-19 15:14:59.548024,1.29539,1.29525
476,2023-07-19 15:14:59.638781,1.29539,1.29525
477,2023-07-19 15:14:59.734526,1.29539,1.29525
478,2023-07-19 15:14:59.821516,1.29539,1.29525
479,2023-07-19 15:14:59.899618,1.29539,1.29525
480,2023-07-19 15:14:59.966359,1.29539,1.29525
481,2023-07-19 15:15:00.058357,1.29539,1.29525
482,2023-07-19 15:15:00.122236,1.29539,1.29525
483,2023-07-19 15:15:00.204214,1.29539,1.29525
484,2023-07-19 15:15:00.279915,1.29539,1.29525
485,2023-07-19 15:15:00.340941,1.29539,1.29525
486,2023-07-19 15:15:00.423235,1.29539,1.29525
487,2023-07-19 15:15:00.483212,1.29539,1.29525
488,2023-07-19 15:15:00.560330,1.29539,1.29525
489,2023-07-19 15:15:00.622307,1.29539,1.29525
490,2023-07-19 15:15:00.698219,1.29539,1.29525
491,2023-07-19 15:15:00.762421,1.29539,1.29525
492,2023-07-19 15:15:00.830282,1.29539,1.29525
493,2023-07-19 15:15:00.889760,1.29539,1.29525
494,2023-07-19 15:15:00.952822,1.29539,1.29525
495,2023-07-19 15:15:01.019990,1.29539,1.29525
496,2023-07-19 15:15:01.104290,1.29524,1.29512
497,2023-07-19 15:15:01.183781,1.29524,1.29512
498,2023-07-19 15:15:01.257232,1.29524,1.29512
499,2023-07-19 15:15:01.336474,1.29524,1.29512
500,2023-07-19 15:15:01.416578,1.29524,1.29512
501,2023-07-19 15:15:01.485571,1.29524,1.29512
502,2023-07-19 15:15:01.554552,1.29524,1.29512
503,2023-07-19 15:15:01.619629,1.29524,1.29512
504,2023-07-19 15:15:01.701908,1.29524,1.29512
505,2023-07-19 15:15:01.766408,1.29524,1.29512
506,2023-07-19 15:15:01.934416,1.29524,1.29512
507,2023-07-19 15:15:02.013296,1.29524,1.29512
508,2023-07-19 15:15:02.075781,1.29524,1.29512
509,2023-07-19 15:15:02.153480,1.29524,1.29512
510,2023-07-19 15:15:02.218423,1.29524,1.29512
511,2023-07-19 15:15:02.280933,1.29524,1.29512
512,2023-07-19 15:15:02.341007,1.29524,1.29512
513,2023-07-19 15:15:02.528378,1.29524,1.29512
514,2023-07-19 15:15:02.591545,1.29524,1.29512
515,2023-07-19 15:15:02.777584,1.29524,1.29512
516,2023-07-19 15:15:02.840070,1.29524,1.29512
517,2023-07-19 15:15:02.903784,1.29524,1.29512
518,2023-07-19 15:15:02.966270,1.29524,1.29512
519,2023-07-19 15:15:03.045976,1.29524,1.29512
520,2023-07-19 15:15:03.107179,1.29524,1.29512
521,2023-07-19 15:15:03.185286,1.29524,1.29512
522,2023-07-19 15:15:03.247231,1.29524,1.29512
523,2023-07-19 15:15:03.354278,1.29524,1.29512
524,2023-07-19 15:15:03.477492,1.29524,1.29512
525,2023-07-19 15:15:03.618560,1.29524,1.29512
526,2023-07-19 15:15:03.744636,1.29524,1.29512
527,2023-07-19 15:15:03.851353,1.29524,1.29512
528,2023-07-19 15:15:03.962099,1.29524,1.29512
529,2023-07-19 15:15:04.070330,1.29524,1.29512
530,2023-07-19 15:15:04.168985,1.29524,1.29512
531,2023-07-19 15:15:04.247581,1.29524,1.29512
532,2023-07-19 15:15:04.327143,1.29524,1.29512
533,2023-07-19 15:15:04.430386,1.29524,1.29512
534,2023-07-19 15:15:04.533029,1.29524,1.29512
535,2023-07-19 15:15:04.636409,1.29524,1.29512
536,2023-07-19 15:15:04.722801,1.29524,1.29512
537,2023-07-19 15:15:04.802164,1.29524,1.29512
538,2023-07-19 15:15:04.889393,1.29524,1.29512
539,2023-07-19 15:15:04.976351,1.29524,1.29512
540,2023-07-19 15:15:05.059236,1.29524,1.29512
541,2023-07-19 15:15:05.138522,1.29524,1.29512
542,2023-07-19 15:15:05.218731,1.29524,1.29512
543,2023-07-19 15:15:05.296573,1.29524,1.29512
544,2023-07-19 15:15:05.371276,1.29524,1.29512
545,2023-07-19 15:15:05.448601,1.29524,1.29512
546,2023-07-19 15:15:05.543666,1.29524,1.29512
547,2023-07-19 15:15:05.661352,1.29524,1.29512
548,2023-07-19 15:15:05.772507,1.29524,1.29512
549,2023-07-19 15:15:05.890191,1.29524,1.29512
550,2023-07-19 15:15:06.007878,1.29524,1.29512
551,2023-07-19 15:15:06.114716,1.29524,1.29512
552,2023-07-19 15:15:06.235393,1.29524,1.29512
553,2023-07-19 15:15:06.364112,1.29524,1.29512
554,2023-07-19 15:15:06.456860,1.29524,1.29512
555,2023-07-19 15:15:06.555543,1.29524,1.29512
556,2023-07-19 15:15:06.656267,1.29524,1.29512
557,2023-07-19 15:15:06.764872,1.29524,1.29512
558,2023-07-19 15:15:06.877563,1.29524,1.29512
559,2023-07-19 15:15:06.987272,1.29524,1.29512
560,2023-07-19 15:15:07.102960,1.29524,1.29512
561,2023-07-19 15:15:07.241591,1.29524,1.29512
562,2023-07-19 15:15:07.347308,1.29524,1.29512
563,2023-07-19 15:15:07.442054,1.29524,1.29512
564,2023-07-19 15:15:07.536393,1.29524,1.29512
565,2023-07-19 15:15:07.630151,1.29524,1.29512
566,2023-07-19 15:15:07.931713,1.29524,1.29512
567,2023-07-19 15:15:08.008073,1.29524,1.29512
568,2023-07-19 15:15:08.097205,1.29524,1.29512
569,2023-07-19 15:15:08.176992,1.29524,1.29512
570,2023-07-19 15:15:08.245082,1.29524,1.29512
571,2023-07-19 15:15:08.315575,1.29524,1.29512
572,2023-07-19 15:15:08.414783,1.29524,1.29512
573,2023-07-19 15:15:08.530169,1.29524,1.29512
574,2023-07-19 15:15:08.734878,1.29524,1.29512
575,2023-07-19 15:15:08.836415,1.29524,1.29512
576,2023-07-19 15:15:08.953901,1.29524,1.29512
577,2023-07-19 15:15:09.049647,1.29524,1.29512
578,2023-07-19 15:15:09.178783,1.29524,1.29512
579,2023-07-19 15:15:09.274658,1.29524,1.29512
580,2023-07-19 15:15:09.337145,1.29524,1.29512
581,2023-07-19 15:15:09.411272,1.29524,1.29512
582,2023-07-19 15:15:09.466126,1.29524,1.29512
583,2023-07-19 15:15:09.542147,1.29524,1.29512
584,2023-07-19 15:15:09.604633,1.29524,1.29512
585,2023-07-19 15:15:09.684192,1.29524,1.29512
586,2023-07-19 15:15:09.748029,1.29524,1.29512
587,2023-07-19 15:15:09.810519,1.29524,1.29512
588,2023-07-19 15:15:09.882805,1.29524,1.29512
589,2023-07-19 15:15:09.950876,1.29524,1.29512
590,2023-07-19 15:15:10.012239,1.29524,1.29512
591,2023-07-19 15:15:10.090670,1.29524,1.29512
592,2023-07-19 15:15:10.285599,1.29524,1.29512
593,2023-07-19 15:15:10.378352,1.29524,1.29512
594,2023-07-19 15:15:10.470104,1.29524,1.29512
595,2023-07-19 15:15:10.568841,1.29524,1.29512
596,2023-07-19 15:15:10.680967,1.29524,1.29512
597,2023-07-19 15:15:10.786257,1.29524,1.29512
598,2023-07-19 15:15:10.986323,1.29524,1.29512
599,2023-07-19 15:15:11.212717,1.29524,1.29512
600,2023-07-19 15:15:11.300425,1.29524,1.29512
601,2023-07-19 15:15:11.366970,1.29524,1.29512
602,2023-07-19 15:15:11.419812,1.29524,1.29512
603,2023-07-19 15:15:11.497556,1.29524,1.29512
604,2023-07-19 15:15:11.558184,1.29524,1.29512
605,2023-07-19 15:15:11.623698,1.29524,1.29512
606,2023-07-19 15:15:11.700265,1.29524,1.29512
607,2023-07-19 15:15:11.763029,1.29524,1.29512
608,2023-07-19 15:15:11.966451,1.29524,1.29512
609,2023-07-19 15:15:12.028437,1.29524,1.29512
610,2023-07-19 15:15:12.099310,1.29524,1.29512
611,2023-07-19 15:15:12.154928,1.29524,1.29512
612,2023-07-19 15:15:12.231555,1.29524,1.29512
613,2023-07-19 15:15:12.427175,1.29524,1.29512
614,2023-07-19 15:15:12.481603,1.29524,1.29512
615,2023-07-19 15:15:12.559701,1.29524,1.29512
616,2023-07-19 15:15:12.622190,1.29524,1.29512
617,2023-07-19 15:15:12.685287,1.29524,1.29512
618,2023-07-19 15:15:12.748300,1.29524,1.29512
619,2023-07-19 15:15:12.826617,1.29524,1.29512
620,2023-07-19 15:15:12.891590,1.29524,1.29512
621,2023-07-19 15:15:12.950788,1.29524,1.29512
622,2023-07-19 15:15:13.024236,1.29524,1.29512
623,2023-07-19 15:15:13.093209,1.29524,1.29512
624,2023-07-19 15:15:13.155635,1.29524,1.29512
625,2023-07-19 15:15:13.230715,1.29524,1.29512
626,2023-07-19 15:15:13.293201,1.29524,1.29512
627,2023-07-19 15:15:13.355686,1.29524,1.29512
628,2023-07-19 15:15:13.426641,1.29524,1.29512
629,2023-07-19 15:15:13.484442,1.29524,1.29512
630,2023-07-19 15:15:13.600032,1.29524,1.29512
631,2023-07-19 15:15:13.713091,1.29524,1.29512
632,2023-07-19 15:15:13.830049,1.29524,1.29512
633,2023-07-19 15:15:14.043102,1.29524,1.29512
634,2023-07-19 15:15:14.127062,1.29524,1.29512
635,2023-07-19 15:15:14.199329,1.29524,1.29512
636,2023-07-19 15:15:14.277436,1.29524,1.29512
637,2023-07-19 15:15:14.350229,1.29524,1.29512
638,2023-07-19 15:15:14.421425,1.29524,1.29512
639,2023-07-19 15:15:14.492598,1.29524,1.29512
640,2023-07-19 15:15:14.676664,1.29524,1.29512
641,2023-07-19 15:15:14.747508,1.29524,1.29512
642,2023-07-19 15:15:14.809995,1.29524,1.29512
643,2023-07-19 15:15:14.880677,1.29524,1.29512
644,2023-07-19 15:15:14.981597,1.29524,1.29512
645,2023-07-19 15:15:15.044083,1.29524,1.29512
646,2023-07-19 15:15:15.122189,1.29524,1.29512
647,2023-07-19 15:15:15.201109,1.29524,1.29512
648,2023-07-19 15:15:15.282340,1.29524,1.29512
649,2023-07-19 15:15:15.341578,1.29524,1.29512
650,2023-07-19 15:15:15.419899,1.29524,1.29512
651,2023-07-19 15:15:15.507664,1.29524,1.29512
652,2023-07-19 15:15:15.575689,1.29524,1.29512
653,2023-07-19 15:15:15.638439,1.29524,1.29512
654,2023-07-19 15:15:15.700925,1.29524,1.29512
655,2023-07-19 15:15:15.800550,1.29524,1.29512
656,2023-07-19 15:15:15.887906,1.29524,1.29512
657,2023-07-19 15:15:15.961843,1.29524,1.29512
658,2023-07-19 15:15:16.028611,1.29524,1.29512
659,2023-07-19 15:15:16.091627,1.29524,1.29512
660,2023-07-19 15:15:16.169545,1.29524,1.29512
661,2023-07-19 15:15:16.256128,1.29524,1.29512
662,2023-07-19 15:15:16.339216,1.29524,1.29512
663,2023-07-19 15:15:16.406866,1.29524,1.29512
664,2023-07-19 15:15:16.489710,1.29524,1.29512
665,2023-07-19 15:15:16.560827,1.29524,1.29512
666,2023-07-19 15:15:16.635075,1.29524,1.29512
667,2023-07-19 15:15:16.728802,1.29524,1.29512
668,2023-07-19 15:15:16.791556,1.29524,1.29512
669,2023-07-19 15:15:16.858867,1.29524,1.29512
670,2023-07-19 15:15:16.930617,1.29524,1.29512
671,2023-07-19 15:15:16.997827,1.29524,1.29512
672,2023-07-19 15:15:17.060313,1.29518,1.29506
673,2023-07-19 15:15:17.155698,1.29517,1.29505
674,2023-07-19 15:15:17.272116,1.29518,1.29506
675,2023-07-19 15:15:17.395578,1.29518,1.29506
676,2023-07-19 15:15:17.492423,1.29518,1.29506
677,2023-07-19 15:15:17.597609,1.29518,1.29506
678,2023-07-19 15:15:17.681671,1.29518,1.29506
679,2023-07-19 15:15:17.775660,1.29518,1.29506
680,2023-07-19 15:15:17.863180,1.29518,1.29506
681,2023-07-19 15:15:17.934637,1.29518,1.29506
682,2023-07-19 15:15:18.008902,1.29518,1.29506
683,2023-07-19 15:15:18.078544,1.29518,1.29506
684,2023-07-19 15:15:18.172550,1.29518,1.29506
685,2023-07-19 15:15:18.267488,1.29518,1.29506
686,2023-07-19 15:15:18.356848,1.29518,1.29506
687,2023-07-19 15:15:18.447605,1.29518,1.29506
688,2023-07-19 15:15:18.516666,1.29518,1.29506
689,2023-07-19 15:15:18.594773,1.29518,1.29506
690,2023-07-19 15:15:18.662675,1.29518,1.29506
691,2023-07-19 15:15:18.756453,1.29518,1.29506
692,2023-07-19 15:15:18.834524,1.29518,1.29506
693,2023-07-19 15:15:18.925877,1.29518,1.29506
694,2023-07-19 15:15:19.038575,1.29518,1.29506
695,2023-07-19 15:15:19.136319,1.29518,1.29506
696,2023-07-19 15:15:19.256992,1.29518,1.29506
697,2023-07-19 15:15:19.381660,1.29518,1.29506
698,2023-07-19 15:15:19.559297,1.29518,1.29506
699,2023-07-19 15:15:19.662022,1.29518,1.29506
700,2023-07-19 15:15:19.765744,1.29518,1.29506
701,2023-07-19 15:15:19.845300,1.29518,1.29506
702,2023-07-19 15:15:19.941050,1.29518,1.29506
703,2023-07-19 15:15:20.038714,1.29518,1.29506
704,2023-07-19 15:15:20.153402,1.29518,1.29506
705,2023-07-19 15:15:20.287045,1.29518,1.29506
706,2023-07-19 15:15:20.428665,1.29518,1.29506
707,2023-07-19 15:15:20.640611,1.29518,1.29506
708,2023-07-19 15:15:20.767652,1.29518,1.29506
709,2023-07-19 15:15:20.851782,1.29518,1.29506
710,2023-07-19 15:15:20.919325,1.29518,1.29506
711,2023-07-19 15:15:21.132172,1.29518,1.29506
712,2023-07-19 15:15:21.197378,1.29518,1.29506
713,2023-07-19 15:15:21.264032,1.29518,1.29506
714,2023-07-19 15:15:21.337162,1.29518,1.29506
715,2023-07-19 15:15:21.403371,1.29518,1.29506
716,2023-07-19 15:15:21.471190,1.29518,1.29506
717,2023-07-19 15:15:21.541999,1.29518,1.29506
718,2023-07-19 15:15:21.747708,1.29518,1.29506
719,2023-07-19 15:15:21.810433,1.29518,1.29506
720,2023-07-19 15:15:21.884397,1.29518,1.29506
721,2023-07-19 15:15:21.949944,1.29518,1.29506
722,2023-07-19 15:15:22.017067,1.29518,1.29506
723,2023-07-19 15:15:22.077031,1.29518,1.29506
724,2023-07-19 15:15:22.155521,1.29518,1.29506
725,2023-07-19 15:15:22.216553,1.29518,1.29506
726,2023-07-19 15:15:22.294668,1.29518,1.29506
727,2023-07-19 15:15:22.357179,1.29518,1.29506
728,2023-07-19 15:15:22.434828,1.29518,1.29506
729,2023-07-19 15:15:22.497312,1.29518,1.29506
730,2023-07-19 15:15:22.559924,1.29518,1.29506
731,2023-07-19 15:15:22.637944,1.29518,1.29506
732,2023-07-19 15:15:22.702973,1.29518,1.29506
733,2023-07-19 15:15:22.764852,1.29518,1.29506
734,2023-07-19 15:15:22.844144,1.29518,1.29506
735,2023-07-19 15:15:22.961791,1.29518,1.29506
736,2023-07-19 15:15:23.087671,1.29518,1.29506
737,2023-07-19 15:15:23.146750,1.29518,1.29506
738,2023-07-19 15:15:23.224856,1.29518,1.29506
739,2023-07-19 15:15:23.294103,1.29518,1.29506
740,2023-07-19 15:15:23.356590,1.29518,1.29506
741,2023-07-19 15:15:23.436050,1.29518,1.29506
742,2023-07-19 15:15:23.505674,1.29518,1.29506
743,2023-07-19 15:15:23.576891,1.29518,1.29506
744,2023-07-19 15:15:23.649343,1.29518,1.29506
745,2023-07-19 15:15:23.714084,1.29518,1.29506
746,2023-07-19 15:15:23.782587,1.29518,1.29506
747,2023-07-19 15:15:23.860407,1.29518,1.29506
748,2023-07-19 15:15:23.930136,1.29518,1.29506
749,2023-07-19 15:15:23.992620,1.29518,1.29506
750,2023-07-19 15:15:24.062190,1.29518,1.29506
751,2023-07-19 15:15:24.124674,1.29518,1.29506
752,2023-07-19 15:15:24.200292,1.29518,1.29506
753,2023-07-19 15:15:24.269758,1.29518,1.29506
754,2023-07-19 15:15:24.347687,1.29518,1.29506
755,2023-07-19 15:15:24.436628,1.29518,1.29506
756,2023-07-19 15:15:24.518723,1.29518,1.29506
757,2023-07-19 15:15:24.575945,1.29518,1.29506
758,2023-07-19 15:15:24.685294,1.29518,1.29506
759,2023-07-19 15:15:24.751172,1.29518,1.29506
760,2023-07-19 15:15:24.826651,1.29518,1.29506
761,2023-07-19 15:15:24.889136,1.29518,1.29506
762,2023-07-19 15:15:25.075716,1.29518,1.29506
763,2023-07-19 15:15:25.142711,1.29518,1.29506
764,2023-07-19 15:15:25.202363,1.29518,1.29506
765,2023-07-19 15:15:25.279396,1.29518,1.29506
766,2023-07-19 15:15:25.372139,1.29518,1.29506
767,2023-07-19 15:15:25.450375,1.29518,1.29506
768,2023-07-19 15:15:25.513187,1.29518,1.29506
769,2023-07-19 15:15:25.577031,1.29518,1.29506
770,2023-07-19 15:15:25.639516,1.29518,1.29506
771,2023-07-19 15:15:25.731887,1.29518,1.29506
772,2023-07-19 15:15:25.826686,1.29518,1.29506
773,2023-07-19 15:15:25.888653,1.29518,1.29506
774,2023-07-19 15:15:25.950670,1.29518,1.29506
775,2023-07-19 15:15:26.029626,1.29518,1.29506
776,2023-07-19 15:15:26.093243,1.29518,1.29506
777,2023-07-19 15:15:26.185705,1.29518,1.29506
778,2023-07-19 15:15:26.279010,1.29518,1.29506
779,2023-07-19 15:15:26.343033,1.29518,1.29506
780,2023-07-19 15:15:26.403577,1.29518,1.29506
781,2023-07-19 15:15:26.481768,1.29518,1.29506
782,2023-07-19 15:15:26.555379,1.29518,1.29506
783,2023-07-19 15:15:26.622253,1.29518,1.29506
784,2023-07-19 15:15:26.716392,1.29518,1.29506
785,2023-07-19 15:15:26.795517,1.29518,1.29506
786,2023-07-19 15:15:26.858359,1.29518,1.29506
787,2023-07-19 15:15:26.919614,1.29518,1.29506
788,2023-07-19 15:15:27.137643,1.29518,1.29506
789,2023-07-19 15:15:27.231390,1.29518,1.29506
790,2023-07-19 15:15:27.295470,1.29518,1.29506
791,2023-07-19 15:15:27.372151,1.29518,1.29506
792,2023-07-19 15:15:27.459343,1.29518,1.29506
793,2023-07-19 15:15:27.529273,1.29518,1.29506
794,2023-07-19 15:15:27.592797,1.29518,1.29506
795,2023-07-19 15:15:27.681272,1.29518,1.29506
796,2023-07-19 15:15:27.764329,1.29518,1.29506
797,2023-07-19 15:15:27.829255,1.29518,1.29506
798,2023-07-19 15:15:27.903755,1.29518,1.29506
799,2023-07-19 15:15:27.966242,1.29518,1.29506
800,2023-07-19 15:15:28.059827,1.29518,1.29506
801,2023-07-19 15:15:28.139297,1.29518,1.29506
802,2023-07-19 15:15:28.201782,1.29518,1.29506
803,2023-07-19 15:15:28.262924,1.29518,1.29506
804,2023-07-19 15:15:28.341516,1.29518,1.29506
805,2023-07-19 15:15:28.437502,1.29518,1.29506
806,2023-07-19 15:15:28.502873,1.29518,1.29506
807,2023-07-19 15:15:28.589972,1.29518,1.29506
808,2023-07-19 15:15:28.668984,1.29518,1.29506
809,2023-07-19 15:15:28.731469,1.29518,1.29506
810,2023-07-19 15:15:28.825154,1.29518,1.29506
811,2023-07-19 15:15:28.904031,1.29518,1.29506
812,2023-07-19 15:15:28.966523,1.29518,1.29506
813,2023-07-19 15:15:29.028542,1.29518,1.29506
814,2023-07-19 15:15:29.106802,1.29518,1.29506
815,2023-07-19 15:15:29.324436,1.29518,1.29506
816,2023-07-19 15:15:29.386920,1.29518,1.29506
817,2023-07-19 15:15:29.450495,1.29518,1.29506
818,2023-07-19 15:15:29.512980,1.29518,1.29506
819,2023-07-19 15:15:29.575972,1.29518,1.29506
820,2023-07-19 15:15:29.654079,1.29518,1.29506
821,2023-07-19 15:15:29.735201,1.29518,1.29506
822,2023-07-19 15:15:29.851620,1.29518,1.29506
823,2023-07-19 15:15:29.953566,1.29518,1.29506
824,2023-07-19 15:15:30.091060,1.29518,1.29506
825,2023-07-19 15:15:30.196784,1.29518,1.29506
826,2023-07-19 15:15:30.302494,1.29518,1.29506
827,2023-07-19 15:15:30.375300,1.29518,1.29506
828,2023-07-19 15:15:30.446007,1.29518,1.29506
829,2023-07-19 15:15:30.513824,1.29518,1.29506
830,2023-07-19 15:15:30.584635,1.29518,1.29506
831,2023-07-19 15:15:30.651181,1.29518,1.29506
832,2023-07-19 15:15:30.719777,1.29518,1.29506
833,2023-07-19 15:15:30.791525,1.29518,1.29506
834,2023-07-19 15:15:30.854356,1.29518,1.29506
835,2023-07-19 15:15:30.923802,1.29518,1.29506
836,2023-07-19 15:15:31.012564,1.29518,1.29506
837,2023-07-19 15:15:31.087363,1.29518,1.29506
838,2023-07-19 15:15:31.164618,1.29518,1.29506
839,2023-07-19 15:15:31.241931,1.29518,1.29506
840,2023-07-19 15:15:31.326394,1.29518,1.29506
841,2023-07-19 15:15:31.394884,1.29518,1.29506
842,2023-07-19 15:15:31.466164,1.29518,1.29506
843,2023-07-19 15:15:31.535182,1.29518,1.29506
844,2023-07-19 15:15:31.603000,1.29518,1.29506
845,2023-07-19 15:15:31.672164,1.29518,1.29506
846,2023-07-19 15:15:31.746155,1.29518,1.29506
847,2023-07-19 15:15:31.815429,1.29518,1.29506
848,2023-07-19 15:15:31.896538,1.29518,1.29506
849,2023-07-19 15:15:31.964452,1.29518,1.29506
850,2023-07-19 15:15:32.035936,1.29518,1.29506
851,2023-07-19 15:15:32.103832,1.29518,1.29506
852,2023-07-19 15:15:32.173575,1.29518,1.29506
853,2023-07-19 15:15:32.241915,1.29518,1.29506
854,2023-07-19 15:15:32.321615,1.29518,1.29506
855,2023-07-19 15:15:32.389303,1.29518,1.29506
856,2023-07-19 15:15:32.458386,1.29518,1.29506
857,2023-07-19 15:15:32.548145,1.29518,1.29506
858,2023-07-19 15:15:32.683783,1.29518,1.29506
859,2023-07-19 15:15:32.809448,1.29518,1.29506
860,2023-07-19 15:15:32.910073,1.29518,1.29506
861,2023-07-19 15:15:33.022772,1.29518,1.29506
862,2023-07-19 15:15:33.149432,1.29518,1.29506
863,2023-07-19 15:15:33.284072,1.29518,1.29506
864,2023-07-19 15:15:33.388793,1.29518,1.29506
865,2023-07-19 15:15:33.467581,1.29518,1.29506
866,2023-07-19 15:15:33.559337,1.29518,1.29506
867,2023-07-19 15:15:33.651090,1.29518,1.29506
868,2023-07-19 15:15:33.738417,1.29518,1.29506
869,2023-07-19 15:15:33.811222,1.29518,1.29506
870,2023-07-19 15:15:33.893682,1.29518,1.29506
871,2023-07-19 15:15:33.976463,1.29518,1.29506
872,2023-07-19 15:15:34.063228,1.29518,1.29506
873,2023-07-19 15:15:34.160968,1.29518,1.29506
874,2023-07-19 15:15:34.296645,1.29518,1.29506
875,2023-07-19 15:15:34.394802,1.29518,1.29506
876,2023-07-19 15:15:34.488186,1.29518,1.29506
877,2023-07-19 15:15:34.611611,1.29518,1.29506
878,2023-07-19 15:15:34.687364,1.29518,1.29506
879,2023-07-19 15:15:34.767995,1.29518,1.29506
880,2023-07-19 15:15:34.835679,1.29518,1.29506
881,2023-07-19 15:15:34.899610,1.29518,1.29506
882,2023-07-19 15:15:34.974241,1.29518,1.29506
883,2023-07-19 15:15:35.040730,1.29518,1.29506
884,2023-07-19 15:15:35.107271,1.29518,1.29506
885,2023-07-19 15:15:35.170283,1.29518,1.29506
886,2023-07-19 15:15:35.262867,1.29518,1.29506
887,2023-07-19 15:15:35.343451,1.29518,1.29506
888,2023-07-19 15:15:35.421913,1.29518,1.29506
889,2023-07-19 15:15:35.487865,1.29518,1.29506
890,2023-07-19 15:15:35.553644,1.29518,1.29506
891,2023-07-19 15:15:35.622619,1.29518,1.29506
892,2023-07-19 15:15:35.698155,1.29518,1.29506
893,2023-07-19 15:15:35.769900,1.29518,1.29506
894,2023-07-19 15:15:35.877890,1.29518,1.29506
895,2023-07-19 15:15:35.993878,1.29518,1.29506
896,2023-07-19 15:15:36.097306,1.29518,1.29506
897,2023-07-19 15:15:36.188139,1.29518,1.29506
898,2023-07-19 15:15:36.275369,1.29518,1.29506
899,2023-07-19 15:15:36.341007,1.29518,1.29506
900,2023-07-19 15:15:36.420501,1.29518,1.29506
901,2023-07-19 15:15:36.537771,1.29518,1.29506
902,2023-07-19 15:15:36.771220,1.29518,1.29506
903,2023-07-19 15:15:36.851512,1.29518,1.29506
904,2023-07-19 15:15:36.924095,1.29518,1.29506
905,2023-07-19 15:15:36.982733,1.29518,1.29506
906,2023-07-19 15:15:37.196772,1.29518,1.29506
907,2023-07-19 15:15:37.317978,1.29518,1.29506
908,2023-07-19 15:15:37.409733,1.29518,1.29506
909,2023-07-19 15:15:37.485153,1.29518,1.29506
910,2023-07-19 15:15:37.559844,1.29518,1.29506
911,2023-07-19 15:15:37.634795,1.29518,1.29506
912,2023-07-19 15:15:37.701104,1.29518,1.29506
913,2023-07-19 15:15:37.774223,1.29518,1.29506
914,2023-07-19 15:15:37.834026,1.29518,1.29506
915,2023-07-19 15:15:37.896511,1.29518,1.29506
916,2023-07-19 15:15:38.006034,1.29518,1.29506
917,2023-07-19 15:15:38.228743,1.29518,1.29506
918,2023-07-19 15:15:38.337459,1.29518,1.29506
919,2023-07-19 15:15:38.433190,1.29518,1.29506
920,2023-07-19 15:15:38.521941,1.29518,1.29506
921,2023-07-19 15:15:38.582265,1.29518,1.29506
922,2023-07-19 15:15:38.775388,1.29518,1.29506
923,2023-07-19 15:15:38.841724,1.29518,1.29506
924,2023-07-19 15:15:38.904505,1.29518,1.29506
925,2023-07-19 15:15:38.966666,1.29518,1.29506
926,2023-07-19 15:15:39.043623,1.29518,1.29506
927,2023-07-19 15:15:39.106109,1.29518,1.29506
928,2023-07-19 15:15:39.181160,1.29518,1.29506
929,2023-07-19 15:15:39.251959,1.29518,1.29506
930,2023-07-19 15:15:39.378601,1.29518,1.29506
931,2023-07-19 15:15:39.524210,1.29518,1.29506
932,2023-07-19 15:15:39.631923,1.29518,1.29506
933,2023-07-19 15:15:39.736642,1.29518,1.29506
934,2023-07-19 15:15:39.814396,1.29518,1.29506
935,2023-07-19 15:15:39.874213,1.29518,1.29506
936,2023-07-19 15:15:39.944301,1.29518,1.29506
937,2023-07-19 15:15:40.008059,1.29518,1.29506
938,2023-07-19 15:15:40.089410,1.29518,1.29506
939,2023-07-19 15:15:40.168944,1.29518,1.29506
940,2023-07-19 15:15:40.252571,1.29518,1.29506
941,2023-07-19 15:15:40.332793,1.29518,1.29506
942,2023-07-19 15:15:40.400763,1.29518,1.29506
943,2023-07-19 15:15:40.468737,1.29518,1.29506
944,2023-07-19 15:15:40.600260,1.29518,1.29506
945,2023-07-19 15:15:40.700350,1.29518,1.29506
946,2023-07-19 15:15:40.776718,1.29518,1.29506
947,2023-07-19 15:15:40.832404,1.29518,1.29506
948,2023-07-19 15:15:40.916658,1.29518,1.29506
949,2023-07-19 15:15:40.986191,1.29518,1.29506
950,2023-07-19 15:15:41.047562,1.29518,1.29506
951,2023-07-19 15:15:41.106604,1.29518,1.29506
952,2023-07-19 15:15:41.169090,1.29518,1.29506
953,2023-07-19 15:15:41.247567,1.29518,1.29506
954,2023-07-19 15:15:41.320904,1.29518,1.29506
955,2023-07-19 15:15:41.384240,1.29518,1.29506
956,2023-07-19 15:15:41.466508,1.29518,1.29506
957,2023-07-19 15:15:41.544282,1.29518,1.29506
958,2023-07-19 15:15:41.614981,1.29518,1.29506
959,2023-07-19 15:15:41.681791,1.29518,1.29506
960,2023-07-19 15:15:41.764188,1.29518,1.29506
961,2023-07-19 15:15:41.833790,1.29518,1.29506
962,2023-07-19 15:15:41.896108,1.29518,1.29506
963,2023-07-19 15:15:41.967437,1.29518,1.29506
964,2023-07-19 15:15:42.051651,1.29518,1.29506
965,2023-07-19 15:15:42.132096,1.29518,1.29506
966,2023-07-19 15:15:42.197864,1.29518,1.29506
967,2023-07-19 15:15:42.425150,1.29518,1.29506
968,2023-07-19 15:15:42.500463,1.29518,1.29506
969,2023-07-19 15:15:42.587841,1.29518,1.29506
970,2023-07-19 15:15:42.665970,1.29518,1.29506
971,2023-07-19 15:15:42.742876,1.29518,1.29506
972,2023-07-19 15:15:42.856591,1.29518,1.29506
973,2023-07-19 15:15:42.934965,1.29518,1.29506
974,2023-07-19 15:15:43.015826,1.29518,1.29506
975,2023-07-19 15:15:43.083989,1.29518,1.29506
976,2023-07-19 15:15:43.163642,1.29518,1.29506
977,2023-07-19 15:15:43.239184,1.29518,1.29506
978,2023-07-19 15:15:43.344731,1.29518,1.29506
979,2023-07-19 15:15:43.494332,1.29518,1.29506
980,2023-07-19 15:15:43.581102,1.29518,1.29506
981,2023-07-19 15:15:43.763611,1.29518,1.29506
982,2023-07-19 15:15:43.845392,1.29518,1.29506
983,2023-07-19 15:15:43.923184,1.29518,1.29506
984,2023-07-19 15:15:44.020188,1.29518,1.29506
985,2023-07-19 15:15:44.151645,1.29518,1.29506
986,2023-07-19 15:15:44.238030,1.29518,1.29506
987,2023-07-19 15:15:44.312038,1.29518,1.29506
988,2023-07-19 15:15:44.486170,1.29518,1.29506
989,2023-07-19 15:15:44.564314,1.29518,1.29506
990,2023-07-19 15:15:44.647595,1.29518,1.29506
991,2023-07-19 15:15:44.734781,1.29518,1.29506
992,2023-07-19 15:15:44.814599,1.29518,1.29506
993,2023-07-19 15:15:44.887611,1.29518,1.29506
994,2023-07-19 15:15:44.945812,1.29518,1.29506
995,2023-07-19 15:15:45.028907,1.29518,1.29506
996,2023-07-19 15:15:45.097392,1.29518,1.29506
997,2023-07-19 15:15:45.163943,1.29518,1.29506
998,2023-07-19 15:15:45.232840,1.29518,1.29506
999,2023-07-19 15:15:45.304719,1.29518,1.29506
1000,2023-07-19 15:15:45.372587,1.29518,1.29506
1001,2023-07-19 15:15:45.434567,1.29518,1.29506
1002,2023-07-19 15:15:45.512673,1.29518,1.29506
1003,2023-07-19 15:15:45.576735,1.29518,1.29506
1004,2023-07-19 15:15:45.643665,1.29518,1.29506
1005,2023-07-19 15:15:45.702194,1.29518,1.29506
1006,2023-07-19 15:15:45.778768,1.29518,1.29506
1007,2023-07-19 15:15:45.841343,1.29518,1.29506
1008,2023-07-19 15:15:45.903772,1.29518,1.29506
1009,2023-07-19 15:15:45.978980,1.29518,1.29506
1010,2023-07-19 15:15:46.043844,1.29518,1.29506
1011,2023-07-19 15:15:46.107057,1.29518,1.29506
1012,2023-07-19 15:15:46.169541,1.29518,1.29506
1013,2023-07-19 15:15:46.263057,1.29518,1.29506
1014,2023-07-19 15:15:46.350060,1.29518,1.29506
1015,2023-07-19 15:15:46.436927,1.29518,1.29506
1016,2023-07-19 15:15:46.522891,1.29518,1.29506
1017,2023-07-19 15:15:46.575808,1.29518,1.29506
1018,2023-07-19 15:15:46.654014,1.29518,1.29506
1019,2023-07-19 15:15:46.716500,1.29518,1.29506
1020,2023-07-19 15:15:46.793573,1.29518,1.29506
1021,2023-07-19 15:15:46.855819,1.29518,1.29506
1022,2023-07-19 15:15:46.916621,1.29518,1.29506
1023,2023-07-19 15:15:46.979786,1.29518,1.29506
1024,2023-07-19 15:15:47.074229,1.29518,1.29506
1025,2023-07-19 15:15:47.155920,1.29518,1.29506
1026,2023-07-19 15:15:47.230721,1.29518,1.29506
1027,2023-07-19 15:15:47.306516,1.29518,1.29506
1028,2023-07-19 15:15:47.381317,1.29518,1.29506
1029,2023-07-19 15:15:47.451597,1.29518,1.29506
1030,2023-07-19 15:15:47.527197,1.29518,1.29506
1031,2023-07-19 15:15:47.597969,1.29518,1.29506
1032,2023-07-19 15:15:47.677734,1.29518,1.29506
1033,2023-07-19 15:15:47.758856,1.29518,1.29506
1034,2023-07-19 15:15:47.830928,1.29518,1.29506
1035,2023-07-19 15:15:47.899637,1.29518,1.29506
1036,2023-07-19 15:15:47.967158,1.29518,1.29506
1037,2023-07-19 15:15:48.030603,1.29518,1.29506
1038,2023-07-19 15:15:48.109059,1.29518,1.29506
1039,2023-07-19 15:15:48.178460,1.29518,1.29506
1040,2023-07-19 15:15:48.247549,1.29518,1.29506
1041,2023-07-19 15:15:48.422642,1.29518,1.29506
1042,2023-07-19 15:15:48.485129,1.29518,1.29506
1043,2023-07-19 15:15:48.594476,1.29518,1.29506
1044,2023-07-19 15:15:48.654851,1.29518,1.29506
1045,2023-07-19 15:15:48.717335,1.29518,1.29506
1046,2023-07-19 15:15:48.799261,1.29518,1.29506
1047,2023-07-19 15:15:48.865978,1.29518,1.29506
1048,2023-07-19 15:15:48.920285,1.29518,1.29506
1049,2023-07-19 15:15:48.991313,1.29518,1.29506
1050,2023-07-19 15:15:49.065844,1.29518,1.29506
1051,2023-07-19 15:15:49.122677,1.29518,1.29506
1052,2023-07-19 15:15:49.198262,1.29518,1.29506
1053,2023-07-19 15:15:49.263051,1.29518,1.29506
1054,2023-07-19 15:15:49.325849,1.29518,1.29506
1055,2023-07-19 15:15:49.411355,1.29518,1.29506
1056,2023-07-19 15:15:49.465284,1.29518,1.29506
1057,2023-07-19 15:15:49.543393,1.29518,1.29506
1058,2023-07-19 15:15:49.729605,1.29518,1.29506
1059,2023-07-19 15:15:49.849385,1.29518,1.29506
1060,2023-07-19 15:15:49.931117,1.29518,1.29506
1061,2023-07-19 15:15:50.023334,1.29518,1.29506
1062,2023-07-19 15:15:50.085819,1.29518,1.29506
1063,2023-07-19 15:15:50.148305,1.29518,1.29506
1064,2023-07-19 15:15:50.231038,1.29518,1.29506
1065,2023-07-19 15:15:50.304034,1.29518,1.29506
1066,2023-07-19 15:15:50.373848,1.29518,1.29506
1067,2023-07-19 15:15:50.439209,1.29518,1.29506
1068,2023-07-19 15:15:50.510454,1.29518,1.29506
1069,2023-07-19 15:15:50.570306,1.29518,1.29506
1070,2023-07-19 15:15:50.632789,1.29518,1.29506
1071,2023-07-19 15:15:50.712364,1.29518,1.29506
1072,2023-07-19 15:15:50.779240,1.29518,1.29506
1073,2023-07-19 15:15:50.841605,1.29518,1.29506
1074,2023-07-19 15:15:50.904123,1.29518,1.29506
1075,2023-07-19 15:15:50.966137,1.29518,1.29506
1076,2023-07-19 15:15:51.029283,1.29518,1.29506
1077,2023-07-19 15:15:51.106972,1.29518,1.29506
1078,2023-07-19 15:15:51.184941,1.29518,1.29506
1079,2023-07-19 15:15:51.247426,1.29518,1.29506
1080,2023-07-19 15:15:51.335423,1.29518,1.29506
1081,2023-07-19 15:15:51.402965,1.29518,1.29506
1082,2023-07-19 15:15:51.465451,1.29518,1.29506
1083,2023-07-19 15:15:51.529081,1.29518,1.29506
1084,2023-07-19 15:15:51.600168,1.29518,1.29506
1085,2023-07-19 15:15:51.654385,1.29518,1.29506
1086,2023-07-19 15:15:51.731861,1.29518,1.29506
1087,2023-07-19 15:15:51.794343,1.29518,1.29506
1088,2023-07-19 15:15:51.857290,1.29518,1.29506
1089,2023-07-19 15:15:51.933317,1.29518,1.29506
1090,2023-07-19 15:15:51.996860,1.29518,1.29506
1091,2023-07-19 15:15:52.059526,1.29518,1.29506
1092,2023-07-19 15:15:52.122012,1.29518,1.29506
1093,2023-07-19 15:15:52.184791,1.29518,1.29506
1094,2023-07-19 15:15:52.262837,1.29518,1.29506
1095,2023-07-19 15:15:52.435454,1.29518,1.29506
1096,2023-07-19 15:15:52.497043,1.29518,1.29506
1097,2023-07-19 15:15:52.559528,1.29518,1.29506
1098,2023-07-19 15:15:52.622452,1.29518,1.29506
1099,2023-07-19 15:15:52.699852,1.29518,1.29506
1100,2023-07-19 15:15:52.762780,1.29518,1.29506
1101,2023-07-19 15:15:52.825965,1.29518,1.29506
1102,2023-07-19 15:15:52.904072,1.29518,1.29506
1103,2023-07-19 15:15:52.967481,1.29518,1.29506
1104,2023-07-19 15:15:53.027623,1.29518,1.29506
1105,2023-07-19 15:15:53.096467,1.29518,1.29506
1106,2023-07-19 15:15:53.169023,1.29518,1.29506
1107,2023-07-19 15:15:53.242450,1.29518,1.29506
1108,2023-07-19 15:15:53.310104,1.29518,1.29506
1109,2023-07-19 15:15:53.372619,1.29518,1.29506
1110,2023-07-19 15:15:53.451627,1.29518,1.29506
1111,2023-07-19 15:15:53.514495,1.29518,1.29506
1112,2023-07-19 15:15:53.575562,1.29518,1.29506
1113,2023-07-19 15:15:53.654683,1.29518,1.29506
1114,2023-07-19 15:15:53.717298,1.29518,1.29506
1115,2023-07-19 15:15:53.794403,1.29518,1.29506
1116,2023-07-19 15:15:53.856889,1.29518,1.29506
1117,2023-07-19 15:15:53.919846,1.29518,1.29506
1118,2023-07-19 15:15:53.982330,1.29518,1.29506
1119,2023-07-19 15:15:54.061625,1.29518,1.29506
1120,2023-07-19 15:15:54.121772,1.29518,1.29506
1121,2023-07-19 15:15:54.184258,1.29518,1.29506
1122,2023-07-19 15:15:54.262366,1.29518,1.29506
1123,2023-07-19 15:15:54.332792,1.29518,1.29506
1124,2023-07-19 15:15:54.403404,1.29518,1.29506
1125,2023-07-19 15:15:54.497729,1.29518,1.29506
1126,2023-07-19 15:15:54.575416,1.29518,1.29506
1127,2023-07-19 15:15:54.644750,1.29518,1.29506
1128,2023-07-19 15:15:54.701203,1.29518,1.29506
1129,2023-07-19 15:15:54.776179,1.29518,1.29506
1130,2023-07-19 15:15:54.840728,1.29518,1.29506
1131,2023-07-19 15:15:54.919710,1.29518,1.29506
1132,2023-07-19 15:15:54.992516,1.29518,1.29506
1133,2023-07-19 15:15:55.060054,1.29518,1.29506
1134,2023-07-19 15:15:55.121769,1.29518,1.29506
1135,2023-07-19 15:15:55.193881,1.29518,1.29506
1136,2023-07-19 15:15:55.263269,1.29518,1.29506
1137,2023-07-19 15:15:55.325809,1.29518,1.29506
1138,2023-07-19 15:15:55.413451,1.29518,1.29506
1139,2023-07-19 15:15:55.481505,1.29518,1.29506
1140,2023-07-19 15:15:55.544586,1.29518,1.29506
1141,2023-07-19 15:15:55.622693,1.29518,1.29506
1142,2023-07-19 15:15:55.700803,1.29518,1.29506
1143,2023-07-19 15:15:55.778444,1.29518,1.29506
1144,2023-07-19 15:15:55.847850,1.29518,1.29506
1145,2023-07-19 15:15:55.903788,1.29518,1.29506
1146,2023-07-19 15:15:55.966515,1.29518,1.29506
1147,2023-07-19 15:15:56.044623,1.29518,1.29506
1148,2023-07-19 15:15:56.107806,1.29518,1.29506
1149,2023-07-19 15:15:56.177500,1.29518,1.29506
1150,2023-07-19 15:15:56.238587,1.29518,1.29506
1151,2023-07-19 15:15:56.309601,1.29518,1.29506
1152,2023-07-19 15:15:56.372086,1.29518,1.29506
1153,2023-07-19 15:15:56.434736,1.29518,1.29506
1154,2023-07-19 15:15:56.513309,1.29518,1.29506
1155,2023-07-19 15:15:56.575795,1.29518,1.29506
1156,2023-07-19 15:15:56.637980,1.29518,1.29506
1157,2023-07-19 15:15:56.700465,1.29518,1.29506
1158,2023-07-19 15:15:56.778642,1.29518,1.29506
1159,2023-07-19 15:15:56.841843,1.29518,1.29506
1160,2023-07-19 15:15:56.915136,1.29518,1.29506
1161,2023-07-19 15:15:56.982471,1.29518,1.29506
1162,2023-07-19 15:15:57.048837,1.29518,1.29506
1163,2023-07-19 15:15:57.109695,1.29518,1.29506
1164,2023-07-19 15:15:57.185444,1.29518,1.29506
1165,2023-07-19 15:15:57.252515,1.29518,1.29506
1166,2023-07-19 15:15:57.325415,1.29518,1.29506
1167,2023-07-19 15:15:57.400936,1.29518,1.29506
1168,2023-07-19 15:15:57.466336,1.29518,1.29506
1169,2023-07-19 15:15:57.637309,1.29518,1.29506
1170,2023-07-19 15:15:57.717422,1.29518,1.29506
1171,2023-07-19 15:15:57.779906,1.29518,1.29506
1172,2023-07-19 15:15:57.840329,1.29518,1.29506
1173,2023-07-19 15:15:57.918435,1.29518,1.29506
1174,2023-07-19 15:15:57.980888,1.29518,1.29506
1175,2023-07-19 15:15:58.044377,1.29518,1.29506
1176,2023-07-19 15:15:58.110664,1.29518,1.29506
1177,2023-07-19 15:15:58.185457,1.29518,1.29506
1178,2023-07-19 15:15:58.257152,1.29518,1.29506
1179,2023-07-19 15:15:58.310455,1.29518,1.29506
1180,2023-07-19 15:15:58.497164,1.29518,1.29506
1181,2023-07-19 15:15:58.559651,1.29518,1.29506
1182,2023-07-19 15:15:58.643316,1.29518,1.29506
1183,2023-07-19 15:15:58.716038,1.29518,1.29506
1184,2023-07-19 15:15:58.778523,1.29518,1.29506
1185,2023-07-19 15:15:58.841848,1.29521,1.29508
1186,2023-07-19 15:15:58.921387,1.29521,1.29508
1187,2023-07-19 15:15:58.985104,1.29521,1.29508
1188,2023-07-19 15:15:59.044565,1.2952,1.29506
1189,2023-07-19 15:15:59.107657,1.2952,1.29506
1190,2023-07-19 15:15:59.169848,1.2952,1.29506
1191,2023-07-19 15:15:59.246719,1.2952,1.29506
1192,2023-07-19 15:15:59.309262,1.2952,1.29506
1193,2023-07-19 15:15:59.372294,1.2952,1.29506
1194,2023-07-19 15:15:59.452830,1.2952,1.29506
1195,2023-07-19 15:15:59.512799,1.2952,1.29506
1196,2023-07-19 15:15:59.576719,1.2952,1.29506
1197,2023-07-19 15:15:59.639205,1.2952,1.29506
1198,2023-07-19 15:15:59.716070,1.29519,1.29505
1199,2023-07-19 15:15:59.916993,1.29518,1.29504
1200,2023-07-19 15:15:59.981989,1.29518,1.29504
1201,2023-07-19 15:16:00.044511,1.29518,1.29504
1202,2023-07-19 15:16:00.122802,1.29518,1.29504
1203,2023-07-19 15:16:00.184718,1.29518,1.29504
1204,2023-07-19 15:16:00.247856,1.29518,1.29504
1205,2023-07-19 15:16:00.310341,1.29518,1.29504
1206,2023-07-19 15:16:00.388496,1.29521,1.29507
1207,2023-07-19 15:16:00.450950,1.29521,1.29507
1208,2023-07-19 15:16:00.529059,1.29521,1.29507
1209,2023-07-19 15:16:00.591593,1.29521,1.29507
1210,2023-07-19 15:16:00.662063,1.29521,1.29507
1211,2023-07-19 15:16:00.716429,1.29521,1.29507
1212,2023-07-19 15:16:00.795026,1.29521,1.29507
1213,2023-07-19 15:16:00.857508,1.29521,1.29507
1214,2023-07-19 15:16:00.929496,1.29521,1.29507
1215,2023-07-19 15:16:00.981821,1.29521,1.29507
1216,2023-07-19 15:16:01.059888,1.29521,1.29507
1217,2023-07-19 15:16:01.123640,1.29521,1.29507
1218,2023-07-19 15:16:01.185524,1.29521,1.29507
1219,2023-07-19 15:16:01.248202,1.29521,1.29507
1220,2023-07-19 15:16:01.326419,1.29521,1.29507
1221,2023-07-19 15:16:01.388902,1.29521,1.29507
1222,2023-07-19 15:16:01.466150,1.29521,1.29507
1223,2023-07-19 15:16:01.532800,1.29521,1.29507
1224,2023-07-19 15:16:01.592704,1.29521,1.29507
1225,2023-07-19 15:16:01.654313,1.29521,1.29507
1226,2023-07-19 15:16:01.716797,1.29521,1.29507
1227,2023-07-19 15:16:01.796735,1.29521,1.29507
1228,2023-07-19 15:16:01.872424,1.29521,1.29507
1229,2023-07-19 15:16:02.075829,1.29521,1.29507
1230,2023-07-19 15:16:02.139225,1.29521,1.29507
1231,2023-07-19 15:16:02.199907,1.29521,1.29507
1232,2023-07-19 15:16:02.283230,1.2952,1.29507
1233,2023-07-19 15:16:02.341461,1.2952,1.29507
1234,2023-07-19 15:16:02.419973,1.2952,1.29507
1235,2023-07-19 15:16:02.481855,1.2952,1.29507
1236,2023-07-19 15:16:02.545391,1.2952,1.29507
1237,2023-07-19 15:16:02.607876,1.2952,1.29507
1238,2023-07-19 15:16:02.669416,1.2952,1.29507
1239,2023-07-19 15:16:02.746427,1.2952,1.29507
1240,2023-07-19 15:16:02.794584,1.2952,1.29507
1241,2023-07-19 15:16:02.871313,1.2952,1.29507
1242,2023-07-19 15:16:02.942081,1.2952,1.29507
1243,2023-07-19 15:16:02.996466,1.2952,1.29507
1244,2023-07-19 15:16:03.074764,1.2952,1.29507
1245,2023-07-19 15:16:03.137353,1.2952,1.29507
1246,2023-07-19 15:16:03.215110,1.2952,1.29507
1247,2023-07-19 15:16:03.277596,1.2952,1.29507
1248,2023-07-19 15:16:03.340442,1.2952,1.29507
1249,2023-07-19 15:16:03.419904,1.2952,1.29507
1250,2023-07-19 15:16:03.489263,1.2952,1.29507
1251,2023-07-19 15:16:03.547958,1.2952,1.29507
1252,2023-07-19 15:16:03.622268,1.2952,1.29507
1253,2023-07-19 15:16:03.684754,1.2952,1.29507
1254,2023-07-19 15:16:03.765952,1.2952,1.29507
1255,2023-07-19 15:16:04.018302,1.2952,1.29507
1256,2023-07-19 15:16:04.092368,1.2952,1.29507
1257,2023-07-19 15:16:04.153663,1.2952,1.29507
1258,2023-07-19 15:16:04.216346,1.2952,1.29507
1259,2023-07-19 15:16:04.294568,1.2952,1.29507
1260,2023-07-19 15:16:04.352076,1.2952,1.29507
1261,2023-07-19 15:16:04.483119,1.2952,1.29507
1262,2023-07-19 15:16:04.563845,1.2952,1.29507
1263,2023-07-19 15:16:04.638535,1.2952,1.29507
1264,2023-07-19 15:16:04.701778,1.2952,1.29507
1265,2023-07-19 15:16:04.764264,1.2952,1.29507
1266,2023-07-19 15:16:04.841215,1.2952,1.29507
1267,2023-07-19 15:16:04.907840,1.2952,1.29507
1268,2023-07-19 15:16:04.972716,1.2952,1.29507
1269,2023-07-19 15:16:05.030626,1.2952,1.29507
1270,2023-07-19 15:16:05.108381,1.2952,1.29507
1271,2023-07-19 15:16:05.169235,1.2952,1.29507
1272,2023-07-19 15:16:05.240079,1.2952,1.29507
1273,2023-07-19 15:16:05.294014,1.2952,1.29507
1274,2023-07-19 15:16:05.372706,1.2952,1.29507
1275,2023-07-19 15:16:05.441107,1.2952,1.29507
1276,2023-07-19 15:16:05.497018,1.2952,1.29507
1277,2023-07-19 15:16:05.576053,1.2952,1.29507
1278,2023-07-19 15:16:05.638540,1.2952,1.29507
1279,2023-07-19 15:16:05.700188,1.2952,1.29507
1280,2023-07-19 15:16:05.783878,1.2952,1.29507
1281,2023-07-19 15:16:05.860649,1.2952,1.29507
1282,2023-07-19 15:16:05.919596,1.2952,1.29507
1283,2023-07-19 15:16:06.011558,1.2952,1.29507
1284,2023-07-19 15:16:06.075104,1.2952,1.29507
1285,2023-07-19 15:16:06.138114,1.2952,1.29507
1286,2023-07-19 15:16:06.200672,1.2952,1.29507
1287,2023-07-19 15:16:06.279109,1.2952,1.29507
1288,2023-07-19 15:16:06.341092,1.2952,1.29507
1289,2023-07-19 15:16:06.421385,1.2952,1.29507
1290,2023-07-19 15:16:06.482325,1.2952,1.29507
1291,2023-07-19 15:16:06.557453,1.2952,1.29507
1292,2023-07-19 15:16:06.622095,1.2952,1.29507
1293,2023-07-19 15:16:06.685221,1.2952,1.29507
1294,2023-07-19 15:16:06.747705,1.2952,1.29507
1295,2023-07-19 15:16:06.825631,1.2952,1.29507
1296,2023-07-19 15:16:06.887614,1.2952,1.29507
1297,2023-07-19 15:16:06.950097,1.2952,1.29507
1298,2023-07-19 15:16:07.028809,1.2952,1.29507
1299,2023-07-19 15:16:07.094417,1.2952,1.29507
1300,2023-07-19 15:16:07.154616,1.2952,1.29507
1301,2023-07-19 15:16:07.214928,1.2952,1.29507
1302,2023-07-19 15:16:07.293041,1.2952,1.29507
1303,2023-07-19 15:16:07.355520,1.2952,1.29507
1304,2023-07-19 15:16:07.434225,1.2952,1.29507
1305,2023-07-19 15:16:07.562035,1.2952,1.29507
1306,2023-07-19 15:16:07.624518,1.2952,1.29507
1307,2023-07-19 15:16:07.685542,1.2952,1.29507
1308,2023-07-19 15:16:07.748027,1.2952,1.29507
1309,2023-07-19 15:16:07.826527,1.2952,1.29507
1310,2023-07-19 15:16:07.888726,1.2952,1.29507
1311,2023-07-19 15:16:07.951212,1.2952,1.29507
1312,2023-07-19 15:16:08.029353,1.2952,1.29507
1313,2023-07-19 15:16:08.092491,1.2952,1.29507
1314,2023-07-19 15:16:08.153417,1.2952,1.29507
1315,2023-07-19 15:16:08.217913,1.2952,1.29507
1316,2023-07-19 15:16:08.280398,1.2952,1.29507
1317,2023-07-19 15:16:08.357272,1.2952,1.29507
1318,2023-07-19 15:16:08.575314,1.2952,1.29507
1319,2023-07-19 15:16:08.652355,1.2952,1.29507
1320,2023-07-19 15:16:08.714918,1.2952,1.29507
1321,2023-07-19 15:16:08.777504,1.2952,1.29507
1322,2023-07-19 15:16:08.950663,1.2952,1.29507
1323,2023-07-19 15:16:09.026072,1.2952,1.29507
1324,2023-07-19 15:16:09.090746,1.2952,1.29507
1325,2023-07-19 15:16:09.153234,1.2952,1.29507
1326,2023-07-19 15:16:09.216785,1.2952,1.29507
1327,2023-07-19 15:16:09.279173,1.2952,1.29507
1328,2023-07-19 15:16:09.341836,1.2952,1.29507
1329,2023-07-19 15:16:09.419322,1.2952,1.29507
1330,2023-07-19 15:16:09.481807,1.2952,1.29507
1331,2023-07-19 15:16:09.560066,1.2952,1.29507
1332,2023-07-19 15:16:09.634648,1.2952,1.29507
1333,2023-07-19 15:16:09.700194,1.2952,1.29507
1334,2023-07-19 15:16:09.763496,1.2952,1.29507
1335,2023-07-19 15:16:09.842257,1.2952,1.29507
1336,2023-07-19 15:16:09.905232,1.2952,1.29507
1337,2023-07-19 15:16:09.966571,1.2952,1.29507
1338,2023-07-19 15:16:10.043021,1.2952,1.29507
1339,2023-07-19 15:16:10.107267,1.2952,1.29507
1340,2023-07-19 15:16:10.173040,1.2952,1.29507
1341,2023-07-19 15:16:10.233023,1.2952,1.29507
1342,2023-07-19 15:16:10.294331,1.2952,1.29507
1343,2023-07-19 15:16:10.372460,1.2952,1.29507
1344,2023-07-19 15:16:10.435273,1.2952,1.29507
1345,2023-07-19 15:16:10.502883,1.2952,1.29507
1346,2023-07-19 15:16:10.560495,1.2952,1.29507
1347,2023-07-19 15:16:10.638511,1.2952,1.29507
1348,2023-07-19 15:16:10.700992,1.2952,1.29507
1349,2023-07-19 15:16:10.763465,1.2952,1.29507
1350,2023-07-19 15:16:10.836080,1.2952,1.29507
1351,2023-07-19 15:16:10.888068,1.2952,1.29507
1352,2023-07-19 15:16:10.966754,1.29519,1.29507
1353,2023-07-19 15:16:11.166107,1.29519,1.29507
1354,2023-07-19 15:16:11.232381,1.29521,1.29508
1355,2023-07-19 15:16:11.312047,1.29518,1.29505
1356,2023-07-19 15:16:11.381402,1.29518,1.29505
1357,2023-07-19 15:16:11.441229,1.29518,1.29505
1358,2023-07-19 15:16:11.513581,1.29518,1.29505
1359,2023-07-19 15:16:11.717089,1.29518,1.29505
1360,2023-07-19 15:16:11.795195,1.29518,1.29505
1361,2023-07-19 15:16:11.857184,1.29518,1.29505
1362,2023-07-19 15:16:11.935015,1.29518,1.29505
1363,2023-07-19 15:16:11.997501,1.29518,1.29505
1364,2023-07-19 15:16:12.070769,1.29518,1.29505
1365,2023-07-19 15:16:12.137953,1.29518,1.29505
1366,2023-07-19 15:16:12.202841,1.29518,1.29505
1367,2023-07-19 15:16:12.262172,1.29518,1.29505
1368,2023-07-19 15:16:12.451067,1.29518,1.29505
1369,2023-07-19 15:16:12.621166,1.29518,1.29505
1370,2023-07-19 15:16:12.699271,1.29518,1.29505
1371,2023-07-19 15:16:12.761963,1.29518,1.29505
1372,2023-07-19 15:16:12.825308,1.29518,1.29505
1373,2023-07-19 15:16:12.905395,1.29518,1.29505
1374,2023-07-19 15:16:12.968188,1.29518,1.29505
1375,2023-07-19 15:16:13.029674,1.29518,1.29505
1376,2023-07-19 15:16:13.102918,1.29518,1.29505
1377,2023-07-19 15:16:13.153598,1.29518,1.29505
1378,2023-07-19 15:16:13.241632,1.29518,1.29505
1379,2023-07-19 15:16:13.309627,1.29518,1.29505
1380,2023-07-19 15:16:13.372853,1.29518,1.29505
1381,2023-07-19 15:16:13.435308,1.29518,1.29505
1382,2023-07-19 15:16:13.513745,1.29518,1.29505
1383,2023-07-19 15:16:13.592767,1.29518,1.29505
1384,2023-07-19 15:16:13.659688,1.29518,1.29505
1385,2023-07-19 15:16:13.743743,1.29518,1.29505
1386,2023-07-19 15:16:13.841798,1.29518,1.29505
1387,2023-07-19 15:16:13.935950,1.29518,1.29505
1388,2023-07-19 15:16:14.029070,1.29518,1.29505
1389,2023-07-19 15:16:14.097830,1.29518,1.29505
1390,2023-07-19 15:16:14.153098,1.29518,1.29505
1391,2023-07-19 15:16:14.231768,1.29518,1.29505
1392,2023-07-19 15:16:14.294907,1.29518,1.29505
1393,2023-07-19 15:16:14.356879,1.29518,1.29505
1394,2023-07-19 15:16:14.436828,1.29518,1.29505
1395,2023-07-19 15:16:14.500902,1.29518,1.29505
1396,2023-07-19 15:16:14.591383,1.29518,1.29505
1397,2023-07-19 15:16:14.670909,1.29518,1.29505
1398,2023-07-19 15:16:14.733414,1.29518,1.29505
1399,2023-07-19 15:16:14.810125,1.29518,1.29505
1400,2023-07-19 15:16:14.886261,1.29518,1.29505
1401,2023-07-19 15:16:14.949835,1.29518,1.29505
1402,2023-07-19 15:16:15.012316,1.29518,1.29505
1403,2023-07-19 15:16:15.085857,1.29518,1.29505
1404,2023-07-19 15:16:15.138494,1.29518,1.29505
1405,2023-07-19 15:16:15.215650,1.29518,1.29505
1406,2023-07-19 15:16:15.278508,1.29518,1.29505
1407,2023-07-19 15:16:15.341630,1.29518,1.29505
1408,2023-07-19 15:16:15.421915,1.29518,1.29505
1409,2023-07-19 15:16:15.483420,1.29518,1.29505
1410,2023-07-19 15:16:15.544530,1.29518,1.29505
1411,2023-07-19 15:16:15.621913,1.29518,1.29505
1412,2023-07-19 15:16:15.685131,1.29518,1.29505
1413,2023-07-19 15:16:15.752783,1.29518,1.29505
1414,2023-07-19 15:16:15.811397,1.29518,1.29505
1415,2023-07-19 15:16:15.872736,1.29518,1.29505
1416,2023-07-19 15:16:15.950892,1.29518,1.29505
1417,2023-07-19 15:16:16.013303,1.29518,1.29505
1418,2023-07-19 15:16:16.080191,1.29518,1.29505
1419,2023-07-19 15:16:16.138099,1.29518,1.29505
1420,2023-07-19 15:16:16.202057,1.29518,1.29505
1421,2023-07-19 15:16:16.280347,1.29518,1.29505
1422,2023-07-19 15:16:16.342840,1.29518,1.29505
1423,2023-07-19 15:16:16.421069,1.29518,1.29505
1424,2023-07-19 15:16:16.483553,1.29518,1.29505
1425,2023-07-19 15:16:16.560272,1.29518,1.29505
1426,2023-07-19 15:16:16.631830,1.29518,1.29505
1427,2023-07-19 15:16:16.685022,1.29518,1.29505
1428,2023-07-19 15:16:16.806470,1.29518,1.29505
1429,2023-07-19 15:16:16.900927,1.29518,1.29505
1430,2023-07-19 15:16:16.990407,1.29518,1.29505
1431,2023-07-19 15:16:17.058735,1.29518,1.29505
1432,2023-07-19 15:16:17.122621,1.29518,1.29505
1433,2023-07-19 15:16:17.185109,1.29518,1.29505
1434,2023-07-19 15:16:17.248604,1.29518,1.29505
1435,2023-07-19 15:16:17.339736,1.29518,1.29505
1436,2023-07-19 15:16:17.417842,1.29518,1.29505
1437,2023-07-19 15:16:17.488594,1.29518,1.29505
1438,2023-07-19 15:16:17.544970,1.29518,1.29505
1439,2023-07-19 15:16:17.624550,1.29518,1.29505
1440,2023-07-19 15:16:17.685820,1.29518,1.29505
1441,2023-07-19 15:16:17.747168,1.29518,1.29505
1442,2023-07-19 15:16:17.825559,1.29518,1.29505
1443,2023-07-19 15:16:17.888628,1.29518,1.29505
1444,2023-07-19 15:16:17.950183,1.29518,1.29505
1445,2023-07-19 15:16:18.012667,1.29518,1.29505
1446,2023-07-19 15:16:18.075688,1.29518,1.29505
1447,2023-07-19 15:16:18.156657,1.29518,1.29505
1448,2023-07-19 15:16:18.216355,1.29518,1.29505
1449,2023-07-19 15:16:18.278519,1.29518,1.29505
1450,2023-07-19 15:16:18.356775,1.29518,1.29505
1451,2023-07-19 15:16:18.419837,1.29518,1.29505
1452,2023-07-19 15:16:18.489551,1.29518,1.29505
1453,2023-07-19 15:16:18.590548,1.29518,1.29505
1454,2023-07-19 15:16:18.766355,1.29518,1.29505
1455,2023-07-19 15:16:18.840610,1.29518,1.29505
1456,2023-07-19 15:16:18.903129,1.29518,1.29505
1457,2023-07-19 15:16:18.981388,1.29518,1.29505
1458,2023-07-19 15:16:19.044051,1.29518,1.29505
1459,2023-07-19 15:16:19.106538,1.29518,1.29505
1460,2023-07-19 15:16:19.184829,1.29518,1.29505
1461,2023-07-19 15:16:19.251925,1.29518,1.29505
1462,2023-07-19 15:16:19.311429,1.29518,1.29505
1463,2023-07-19 15:16:19.372290,1.29518,1.29505
1464,2023-07-19 15:16:19.450397,1.29518,1.29505
1465,2023-07-19 15:16:19.513507,1.29518,1.29505
1466,2023-07-19 15:16:19.588186,1.29518,1.29505
1467,2023-07-19 15:16:19.763296,1.29518,1.29505
1468,2023-07-19 15:16:19.840702,1.29518,1.29505
1469,2023-07-19 15:16:19.918493,1.29518,1.29505
1470,2023-07-19 15:16:19.980980,1.29518,1.29505
1471,2023-07-19 15:16:20.154016,1.29518,1.29505
1472,2023-07-19 15:16:20.277780,1.29518,1.29505
1473,2023-07-19 15:16:20.352967,1.29518,1.29505
1474,2023-07-19 15:16:20.403271,1.29518,1.29505
1475,2023-07-19 15:16:20.481836,1.29518,1.29505
1476,2023-07-19 15:16:20.674770,1.29518,1.29505
1477,2023-07-19 15:16:20.734389,1.29518,1.29505
1478,2023-07-19 15:16:20.809694,1.29518,1.29505
1479,2023-07-19 15:16:20.889173,1.29518,1.29505
1480,2023-07-19 15:16:20.970480,1.29518,1.29505
1481,2023-07-19 15:16:21.044963,1.29518,1.29505
1482,2023-07-19 15:16:21.113867,1.29518,1.29505
1483,2023-07-19 15:16:21.185059,1.29518,1.29505
1484,2023-07-19 15:16:21.263415,1.29518,1.29505
1485,2023-07-19 15:16:21.342087,1.29518,1.29505
1486,2023-07-19 15:16:21.420194,1.29518,1.29505
1487,2023-07-19 15:16:21.513106,1.29518,1.29505
1488,2023-07-19 15:16:21.575892,1.29518,1.29505
1489,2023-07-19 15:16:21.638378,1.29518,1.29505
1490,2023-07-19 15:16:21.716224,1.29518,1.29505
1491,2023-07-19 15:16:21.795492,1.29518,1.29505
1492,2023-07-19 15:16:21.886662,1.29518,1.29505
1493,2023-07-19 15:16:21.940288,1.29518,1.29505
1494,2023-07-19 15:16:22.012912,1.29518,1.29505
1495,2023-07-19 15:16:22.085548,1.29518,1.29505
1496,2023-07-19 15:16:22.152420,1.29518,1.29505
1497,2023-07-19 15:16:22.231622,1.29518,1.29505
1498,2023-07-19 15:16:22.320617,1.29518,1.29505
1499,2023-07-19 15:16:22.372894,1.29518,1.29505
1500,2023-07-19 15:16:22.450467,1.29518,1.29505
1501,2023-07-19 15:16:22.512952,1.29518,1.29505
1502,2023-07-19 15:16:22.591500,1.29518,1.29505
1503,2023-07-19 15:16:22.764424,1.29518,1.29505
1504,2023-07-19 15:16:22.826909,1.29518,1.29505
1505,2023-07-19 15:16:22.903898,1.29518,1.29505
1506,2023-07-19 15:16:22.972761,1.29518,1.29505
1507,2023-07-19 15:16:23.045570,1.29518,1.29505
1508,2023-07-19 15:16:23.122795,1.29518,1.29505
1509,2023-07-19 15:16:23.216322,1.29518,1.29505
1510,2023-07-19 15:16:23.278808,1.29518,1.29505
1511,2023-07-19 15:16:23.351296,1.29518,1.29505
1512,2023-07-19 15:16:23.417906,1.29518,1.29505
1513,2023-07-19 15:16:23.482648,1.29518,1.29505
1514,2023-07-19 15:16:23.576043,1.29518,1.29505
1515,2023-07-19 15:16:23.669672,1.29518,1.29505
1516,2023-07-19 15:16:23.747777,1.29518,1.29505
1517,2023-07-19 15:16:23.810561,1.29518,1.29505
1518,2023-07-19 15:16:23.872561,1.29518,1.29505
1519,2023-07-19 15:16:23.935047,1.29518,1.29505
1520,2023-07-19 15:16:24.013403,1.29518,1.29505
1521,2023-07-19 15:16:24.075628,1.29518,1.29505
1522,2023-07-19 15:16:24.156224,1.29518,1.29505
1523,2023-07-19 15:16:24.231089,1.29518,1.29505
1524,2023-07-19 15:16:24.309192,1.29518,1.29505
1525,2023-07-19 15:16:24.390350,1.29518,1.29505
1526,2023-07-19 15:16:24.451487,1.29518,1.29505
1527,2023-07-19 15:16:24.513499,1.29518,1.29505
1528,2023-07-19 15:16:24.575987,1.29518,1.29505
1529,2023-07-19 15:16:24.660259,1.29518,1.29505
1530,2023-07-19 15:16:24.781432,1.29518,1.29505
1531,2023-07-19 15:16:24.890463,1.29518,1.29505
1532,2023-07-19 15:16:25.029015,1.29518,1.29505
1533,2023-07-19 15:16:25.109948,1.29518,1.29505
1534,2023-07-19 15:16:25.186932,1.29518,1.29505
1535,2023-07-19 15:16:25.251432,1.29518,1.29505
1536,2023-07-19 15:16:25.318903,1.29518,1.29505
1537,2023-07-19 15:16:25.393242,1.29518,1.29505
1538,2023-07-19 15:16:25.455047,1.29518,1.29505
1539,2023-07-19 15:16:25.512906,1.29518,1.29505
1540,2023-07-19 15:16:25.591014,1.29518,1.29505
1541,2023-07-19 15:16:25.653498,1.29518,1.29505
1542,2023-07-19 15:16:25.715690,1.29518,1.29505
1543,2023-07-19 15:16:25.793797,1.29518,1.29505
1544,2023-07-19 15:16:25.857323,1.29518,1.29505
1545,2023-07-19 15:16:25.934129,1.29518,1.29505
1546,2023-07-19 15:16:25.997863,1.29518,1.29505
1547,2023-07-19 15:16:26.060324,1.29518,1.29505
1548,2023-07-19 15:16:26.122860,1.29518,1.29505
1549,2023-07-19 15:16:26.193931,1.29518,1.29505
1550,2023-07-19 15:16:26.261749,1.29518,1.29505
1551,2023-07-19 15:16:26.341303,1.29518,1.29505
1552,2023-07-19 15:16:26.403671,1.29518,1.29505
1553,2023-07-19 15:16:26.481224,1.29518,1.29505
1554,2023-07-19 15:16:26.545021,1.29518,1.29505
1555,2023-07-19 15:16:26.608555,1.29518,1.29505
1556,2023-07-19 15:16:26.688652,1.29518,1.29505
1557,2023-07-19 15:16:26.888261,1.29518,1.29505
1558,2023-07-19 15:16:26.950967,1.29518,1.29505
1559,2023-07-19 15:16:27.026598,1.29518,1.29505
1560,2023-07-19 15:16:27.090139,1.29518,1.29505
1561,2023-07-19 15:16:27.153714,1.29518,1.29505
1562,2023-07-19 15:16:27.229220,1.29518,1.29505
1563,2023-07-19 15:16:27.294411,1.29518,1.29505
1564,2023-07-19 15:16:27.360195,1.29518,1.29505
1565,2023-07-19 15:16:27.423182,1.29518,1.29505
1566,2023-07-19 15:16:27.497413,1.29518,1.29505
1567,2023-07-19 15:16:27.564324,1.29518,1.29505
1568,2023-07-19 15:16:27.624086,1.29518,1.29505
1569,2023-07-19 15:16:27.700776,1.29518,1.29505
1570,2023-07-19 15:16:27.767404,1.29518,1.29505
1571,2023-07-19 15:16:27.824634,1.29518,1.29505
1572,2023-07-19 15:16:27.902742,1.29518,1.29505
1573,2023-07-19 15:16:27.965229,1.29518,1.29505
1574,2023-07-19 15:16:28.060378,1.29518,1.29505
1575,2023-07-19 15:16:28.247776,1.29518,1.29505
1576,2023-07-19 15:16:28.310259,1.29518,1.29505
1577,2023-07-19 15:16:28.372590,1.29518,1.29505
1578,2023-07-19 15:16:28.450969,1.29518,1.29505
1579,2023-07-19 15:16:28.513452,1.29518,1.29505
1580,2023-07-19 15:16:28.591684,1.29518,1.29505
1581,2023-07-19 15:16:28.665653,1.29518,1.29505
1582,2023-07-19 15:16:28.734875,1.29518,1.29505
1583,2023-07-19 15:16:28.918662,1.29518,1.29505
1584,2023-07-19 15:16:28.996991,1.29518,1.29505
1585,2023-07-19 15:16:29.059475,1.29518,1.29505
1586,2023-07-19 15:16:29.137221,1.29518,1.29505
1587,2023-07-19 15:16:29.209892,1.29518,1.29505
1588,2023-07-19 15:16:29.263179,1.29518,1.29505
1589,2023-07-19 15:16:29.341816,1.29518,1.29505
1590,2023-07-19 15:16:29.418768,1.29518,1.29505
1591,2023-07-19 15:16:29.481664,1.29518,1.29505
1592,2023-07-19 15:16:29.543980,1.29518,1.29505
1593,2023-07-19 15:16:29.606467,1.29518,1.29505
1594,2023-07-19 15:16:29.671980,1.29518,1.29505
1595,2023-07-19 15:16:29.750785,1.29518,1.29505
1596,2023-07-19 15:16:29.810161,1.29518,1.29505
1597,2023-07-19 15:16:29.884728,1.29518,1.29505
1598,2023-07-19 15:16:29.937667,1.29518,1.29505
1599,2023-07-19 15:16:30.013093,1.29518,1.29505
1600,2023-07-19 15:16:30.083080,1.29518,1.29505
1601,2023-07-19 15:16:30.138113,1.29518,1.29505
1602,2023-07-19 15:16:30.214914,1.29518,1.29505
1603,2023-07-19 15:16:30.281918,1.29518,1.29505
1604,2023-07-19 15:16:30.341195,1.29518,1.29505
1605,2023-07-19 15:16:30.417190,1.29518,1.29505
1606,2023-07-19 15:16:30.481924,1.29518,1.29505
1607,2023-07-19 15:16:30.575735,1.29518,1.29505
1608,2023-07-19 15:16:30.653404,1.29518,1.29505
1609,2023-07-19 15:16:30.720452,1.29518,1.29505
1610,2023-07-19 15:16:30.794305,1.29518,1.29505
1611,2023-07-19 15:16:30.888638,1.29518,1.29505
1612,2023-07-19 15:16:30.956338,1.29518,1.29505
1613,2023-07-19 15:16:31.031113,1.29518,1.29505
1614,2023-07-19 15:16:31.122471,1.29518,1.29505
1615,2023-07-19 15:16:31.201185,1.29518,1.29505
1616,2023-07-19 15:16:31.330568,1.29518,1.29505
1617,2023-07-19 15:16:31.422034,1.29518,1.29505
1618,2023-07-19 15:16:31.502933,1.29518,1.29505
1619,2023-07-19 15:16:31.561983,1.29516,1.29503
1620,2023-07-19 15:16:31.638039,1.29516,1.29503
1621,2023-07-19 15:16:31.700523,1.29516,1.29503
1622,2023-07-19 15:16:31.779199,1.29516,1.29503
1623,2023-07-19 15:16:31.872927,1.29516,1.29503
1624,2023-07-19 15:16:31.950014,1.29516,1.29503
1625,2023-07-19 15:16:32.012501,1.29516,1.29503
1626,2023-07-19 15:16:32.075512,1.29516,1.29503
1627,2023-07-19 15:16:32.138027,1.29516,1.29503
1628,2023-07-19 15:16:32.221731,1.29516,1.29503
1629,2023-07-19 15:16:32.309551,1.29516,1.29503
1630,2023-07-19 15:16:32.388008,1.29516,1.29503
1631,2023-07-19 15:16:32.450570,1.29516,1.29503
1632,2023-07-19 15:16:32.512927,1.29516,1.29503
1633,2023-07-19 15:16:32.575416,1.29516,1.29503
1634,2023-07-19 15:16:32.638116,1.29516,1.29503
1635,2023-07-19 15:16:32.731669,1.29516,1.29503
1636,2023-07-19 15:16:32.826410,1.29516,1.29503
1637,2023-07-19 15:16:32.888893,1.29516,1.29503
1638,2023-07-19 15:16:32.951031,1.29516,1.29503
1639,2023-07-19 15:16:33.041389,1.29516,1.29503
1640,2023-07-19 15:16:33.107096,1.29516,1.29503
1641,2023-07-19 15:16:33.185189,1.29516,1.29503
1642,2023-07-19 15:16:33.265159,1.29516,1.29503
1643,2023-07-19 15:16:33.449545,1.29516,1.29503
1644,2023-07-19 15:16:33.527654,1.29516,1.29503
1645,2023-07-19 15:16:33.591670,1.29516,1.29503
1646,2023-07-19 15:16:33.654155,1.29516,1.29503
1647,2023-07-19 15:16:33.716259,1.29516,1.29503
1648,2023-07-19 15:16:33.803618,1.29516,1.29503
1649,2023-07-19 15:16:33.887773,1.29516,1.29503
1650,2023-07-19 15:16:33.966180,1.29516,1.29503
1651,2023-07-19 15:16:34.075997,1.29516,1.29503
1652,2023-07-19 15:16:34.213886,1.29516,1.29503
1653,2023-07-19 15:16:34.294074,1.29516,1.29503
1654,2023-07-19 15:16:34.372127,1.29516,1.29503
1655,2023-07-19 15:16:34.460548,1.29516,1.29503
1656,2023-07-19 15:16:34.532405,1.29516,1.29503
1657,2023-07-19 15:16:34.607159,1.29516,1.29503
1658,2023-07-19 15:16:34.686177,1.29516,1.29503
1659,2023-07-19 15:16:34.750217,1.29516,1.29503
1660,2023-07-19 15:16:34.809777,1.29516,1.29503
1661,2023-07-19 15:16:34.891361,1.29516,1.29503
1662,2023-07-19 15:16:34.952649,1.29516,1.29503
1663,2023-07-19 15:16:35.012733,1.29516,1.29503
1664,2023-07-19 15:16:35.122354,1.29516,1.29503
1665,2023-07-19 15:16:35.227521,1.29516,1.29503
1666,2023-07-19 15:16:35.308036,1.29516,1.29503
1667,2023-07-19 15:16:35.400881,1.29516,1.29503
1668,2023-07-19 15:16:35.473418,1.29516,1.29503
1669,2023-07-19 15:16:35.526296,1.29516,1.29503
1670,2023-07-19 15:16:35.590763,1.29516,1.29503
1671,2023-07-19 15:16:35.686114,1.29516,1.29503
1672,2023-07-19 15:16:35.769800,1.29516,1.29503
1673,2023-07-19 15:16:35.841966,1.29516,1.29503
1674,2023-07-19 15:16:35.932228,1.29516,1.29503
1675,2023-07-19 15:16:35.994714,1.29516,1.29503
1676,2023-07-19 15:16:36.057199,1.29516,1.29503
1677,2023-07-19 15:16:36.137944,1.29516,1.29503
1678,2023-07-19 15:16:36.200430,1.29516,1.29503
1679,2023-07-19 15:16:36.262843,1.29516,1.29503
1680,2023-07-19 15:16:36.337702,1.29516,1.29503
1681,2023-07-19 15:16:36.387888,1.29516,1.29503
1682,2023-07-19 15:16:36.450827,1.29516,1.29503
1683,2023-07-19 15:16:36.529408,1.29516,1.29503
1684,2023-07-19 15:16:36.591201,1.29516,1.29503
1685,2023-07-19 15:16:36.660538,1.29516,1.29503
1686,2023-07-19 15:16:36.719520,1.29516,1.29503
1687,2023-07-19 15:16:36.793970,1.29516,1.29503
1688,2023-07-19 15:16:36.856853,1.29516,1.29503
1689,2023-07-19 15:16:36.919406,1.29516,1.29503
1690,2023-07-19 15:16:36.994979,1.29516,1.29503
1691,2023-07-19 15:16:37.060520,1.29516,1.29503
1692,2023-07-19 15:16:37.122923,1.29516,1.29503
1693,2023-07-19 15:16:37.202966,1.29516,1.29503
1694,2023-07-19 15:16:37.264542,1.29516,1.29503
1695,2023-07-19 15:16:37.325631,1.29516,1.29503
1696,2023-07-19 15:16:37.388117,1.29516,1.29503
1697,2023-07-19 15:16:37.466019,1.29516,1.29503
1698,2023-07-19 15:16:37.530215,1.29516,1.29503
1699,2023-07-19 15:16:37.591983,1.29516,1.29503
1700,2023-07-19 15:16:37.654734,1.29516,1.29503
1701,2023-07-19 15:16:37.717219,1.29516,1.29503
1702,2023-07-19 15:16:37.797159,1.29516,1.29503
1703,2023-07-19 15:16:37.858461,1.29516,1.29503
1704,2023-07-19 15:16:37.936566,1.29516,1.29503
1705,2023-07-19 15:16:37.996974,1.29516,1.29503
1706,2023-07-19 15:16:38.059460,1.29516,1.29503
1707,2023-07-19 15:16:38.138585,1.29516,1.29503
1708,2023-07-19 15:16:38.200676,1.29516,1.29503
1709,2023-07-19 15:16:38.263161,1.29516,1.29503
1710,2023-07-19 15:16:38.325493,1.29516,1.29503
1711,2023-07-19 15:16:38.403600,1.29516,1.29503
1712,2023-07-19 15:16:38.466086,1.29516,1.29503
1713,2023-07-19 15:16:38.528594,1.29516,1.29503
1714,2023-07-19 15:16:38.591115,1.29516,1.29503
1715,2023-07-19 15:16:38.669781,1.29516,1.29503
1716,2023-07-19 15:16:38.851904,1.29516,1.29503
1717,2023-07-19 15:16:38.918657,1.29516,1.29503
1718,2023-07-19 15:16:39.104205,1.29516,1.29503
1719,2023-07-19 15:16:39.188203,1.29516,1.29503
1720,2023-07-19 15:16:39.274746,1.29516,1.29503
1721,2023-07-19 15:16:39.499994,1.29516,1.29503
1722,2023-07-19 15:16:39.559382,1.29516,1.29503
1723,2023-07-19 15:16:39.637978,1.29516,1.29503
1724,2023-07-19 15:16:39.713750,1.29516,1.29503
1725,2023-07-19 15:16:39.778446,1.29516,1.29503
1726,2023-07-19 15:16:39.840437,1.29516,1.29503
1727,2023-07-19 15:16:39.913686,1.29516,1.29503
1728,2023-07-19 15:16:39.966068,1.29516,1.29503
1729,2023-07-19 15:16:40.045368,1.29516,1.29503
1730,2023-07-19 15:16:40.107857,1.29516,1.29503
1731,2023-07-19 15:16:40.169275,1.29516,1.29503
1732,2023-07-19 15:16:40.231757,1.29516,1.29503
1733,2023-07-19 15:16:40.312385,1.29516,1.29503
1734,2023-07-19 15:16:40.372951,1.29516,1.29503
1735,2023-07-19 15:16:40.451057,1.29516,1.29503
1736,2023-07-19 15:16:40.512880,1.29516,1.29503
1737,2023-07-19 15:16:40.585624,1.29516,1.29503
1738,2023-07-19 15:16:40.637882,1.29516,1.29503
1739,2023-07-19 15:16:40.748868,1.29516,1.29503
1740,2023-07-19 15:16:40.834110,1.29516,1.29503
1741,2023-07-19 15:16:40.916374,1.29516,1.29503
1742,2023-07-19 15:16:40.978918,1.29516,1.29503
1743,2023-07-19 15:16:41.043968,1.29516,1.29503
1744,2023-07-19 15:16:41.124271,1.29516,1.29503
1745,2023-07-19 15:16:41.185905,1.29516,1.29503
1746,2023-07-19 15:16:41.258985,1.29516,1.29503
1747,2023-07-19 15:16:41.322526,1.29516,1.29503
1748,2023-07-19 15:16:41.403310,1.29516,1.29503
1749,2023-07-19 15:16:41.465792,1.29516,1.29503
1750,2023-07-19 15:16:41.544044,1.29516,1.29503
1751,2023-07-19 15:16:41.607175,1.29516,1.29503
1752,2023-07-19 15:16:41.669660,1.29516,1.29503
1753,2023-07-19 15:16:41.732246,1.29516,1.29503
1754,2023-07-19 15:16:41.841542,1.29516,1.29503
1755,2023-07-19 15:16:41.920725,1.29516,1.29503
1756,2023-07-19 15:16:41.983209,1.29516,1.29503
1757,2023-07-19 15:16:42.045308,1.29516,1.29503
1758,2023-07-19 15:16:42.107791,1.29516,1.29503
1759,2023-07-19 15:16:42.185851,1.29516,1.29503
1760,2023-07-19 15:16:42.247341,1.29516,1.29503
1761,2023-07-19 15:16:42.309827,1.29516,1.29503
1762,2023-07-19 15:16:42.372784,1.29516,1.29503
1763,2023-07-19 15:16:42.455390,1.29516,1.29503
1764,2023-07-19 15:16:42.650855,1.29516,1.29503
1765,2023-07-19 15:16:42.737686,1.29516,1.29503
1766,2023-07-19 15:16:42.817407,1.29516,1.29503
1767,2023-07-19 15:16:42.897192,1.29516,1.29503
1768,2023-07-19 15:16:42.985955,1.29516,1.29503
1769,2023-07-19 15:16:43.073722,1.29516,1.29503
1770,2023-07-19 15:16:43.162485,1.29516,1.29503
1771,2023-07-19 15:16:43.381231,1.29516,1.29503
1772,2023-07-19 15:16:43.516402,1.29516,1.29503
1773,2023-07-19 15:16:43.638132,1.29516,1.29503
1774,2023-07-19 15:16:43.700616,1.29516,1.29503
1775,2023-07-19 15:16:43.763203,1.29516,1.29503
1776,2023-07-19 15:16:43.843332,1.29516,1.29503
1777,2023-07-19 15:16:43.905853,1.29516,1.29503
1778,2023-07-19 15:16:43.990201,1.29516,1.29503
1779,2023-07-19 15:16:44.044967,1.29516,1.29503
1780,2023-07-19 15:16:44.110160,1.29516,1.29503
1781,2023-07-19 15:16:44.196569,1.29516,1.29503
1782,2023-07-19 15:16:44.280976,1.29516,1.29503
1783,2023-07-19 15:16:44.368553,1.29516,1.29503
1784,2023-07-19 15:16:44.448561,1.29516,1.29503
1785,2023-07-19 15:16:44.508065,1.29516,1.29503
1786,2023-07-19 15:16:44.580681,1.29516,1.29503
1787,2023-07-19 15:16:44.648685,1.29516,1.29503
1788,2023-07-19 15:16:44.715800,1.29516,1.29503
1789,2023-07-19 15:16:44.793249,1.29516,1.29503
1790,2023-07-19 15:16:44.861608,1.29516,1.29503
1791,2023-07-19 15:16:44.919830,1.29516,1.29503
1792,2023-07-19 15:16:45.031030,1.29516,1.29503
1793,2023-07-19 15:16:45.093514,1.29516,1.29503
1794,2023-07-19 15:16:45.279165,1.29516,1.29503
1795,2023-07-19 15:16:45.342998,1.29516,1.29503
1796,2023-07-19 15:16:45.425835,1.29516,1.29503
1797,2023-07-19 15:16:45.495119,1.29516,1.29503
1798,2023-07-19 15:16:45.561567,1.29516,1.29503
1799,2023-07-19 15:16:45.644238,1.29516,1.29503
1800,2023-07-19 15:16:45.709708,1.29516,1.29503
1801,2023-07-19 15:16:45.775922,1.29516,1.29503
1802,2023-07-19 15:16:45.844049,1.29516,1.29503
1803,2023-07-19 15:16:45.927645,1.29516,1.29503
1804,2023-07-19 15:16:45.996145,1.29516,1.29503
1805,2023-07-19 15:16:46.057039,1.29516,1.29503
1806,2023-07-19 15:16:46.121168,1.29516,1.29503
1807,2023-07-19 15:16:46.183652,1.29516,1.29503
1808,2023-07-19 15:16:46.261763,1.29516,1.29503
1809,2023-07-19 15:16:46.340746,1.29516,1.29503
1810,2023-07-19 15:16:46.420699,1.29516,1.29503
1811,2023-07-19 15:16:46.476652,1.29516,1.29503
1812,2023-07-19 15:16:46.558625,1.29516,1.29503
1813,2023-07-19 15:16:46.627281,1.29516,1.29503
1814,2023-07-19 15:16:46.691633,1.29516,1.29503
1815,2023-07-19 15:16:46.758955,1.29516,1.29503
1816,2023-07-19 15:16:46.836287,1.29516,1.29503
1817,2023-07-19 15:16:46.912588,1.29516,1.29503
1818,2023-07-19 15:16:46.974645,1.29516,1.29503
1819,2023-07-19 15:16:47.214232,1.29516,1.29503
1820,2023-07-19 15:16:47.387338,1.29516,1.29503
1821,2023-07-19 15:16:47.465445,1.29516,1.29503
1822,2023-07-19 15:16:47.528470,1.29516,1.29503
1823,2023-07-19 15:16:47.606913,1.29516,1.29503
1824,2023-07-19 15:16:47.669681,1.29516,1.29503
1825,2023-07-19 15:16:47.750473,1.29516,1.29503
1826,2023-07-19 15:16:47.829870,1.29516,1.29503
1827,2023-07-19 15:16:47.930388,1.29516,1.29503
1828,2023-07-19 15:16:47.989485,1.29516,1.29503
1829,2023-07-19 15:16:48.057542,1.29516,1.29503
1830,2023-07-19 15:16:48.144228,1.29516,1.29503
1831,2023-07-19 15:16:48.208263,1.29516,1.29503
1832,2023-07-19 15:16:48.282788,1.29516,1.29503
1833,2023-07-19 15:16:48.347739,1.29516,1.29503
1834,2023-07-19 15:16:48.419477,1.29516,1.29503
1835,2023-07-19 15:16:48.495014,1.29516,1.29503
1836,2023-07-19 15:16:48.606367,1.29516,1.29503
1837,2023-07-19 15:16:48.716391,1.29516,1.29503
1838,2023-07-19 15:16:48.778876,1.29516,1.29503
1839,2023-07-19 15:16:48.840713,1.29516,1.29503
1840,2023-07-19 15:16:48.942572,1.29516,1.29503
1841,2023-07-19 15:16:49.018202,1.29516,1.29503
1842,2023-07-19 15:16:49.075446,1.29516,1.29503
1843,2023-07-19 15:16:49.153238,1.29516,1.29503
1844,2023-07-19 15:16:49.215856,1.29516,1.29503
1845,2023-07-19 15:16:49.294747,1.29516,1.29503
1846,2023-07-19 15:16:49.366429,1.29516,1.29503
1847,2023-07-19 15:16:49.436415,1.29516,1.29503
1848,2023-07-19 15:16:49.505977,1.29516,1.29503
1849,2023-07-19 15:16:49.571917,1.29516,1.29503
1850,2023-07-19 15:16:49.634518,1.29516,1.29503
1851,2023-07-19 15:16:49.700952,1.29516,1.29503
1852,2023-07-19 15:16:49.763468,1.29516,1.29503
1853,2023-07-19 15:16:49.825661,1.29516,1.29503
1854,2023-07-19 15:16:49.909047,1.29516,1.29503
1855,2023-07-19 15:16:49.981582,1.29516,1.29503
1856,2023-07-19 15:16:50.055537,1.29516,1.29503
1857,2023-07-19 15:16:50.150614,1.29516,1.29503
1858,2023-07-19 15:16:50.242759,1.29516,1.29503
1859,2023-07-19 15:16:50.309296,1.29516,1.29503
1860,2023-07-19 15:16:50.372414,1.29516,1.29503
1861,2023-07-19 15:16:50.452880,1.29516,1.29503
1862,2023-07-19 15:16:50.513375,1.29516,1.29503
1863,2023-07-19 15:16:50.575621,1.29516,1.29503
1864,2023-07-19 15:16:50.638302,1.29516,1.29503
1865,2023-07-19 15:16:50.716322,1.29516,1.29503
1866,2023-07-19 15:16:50.783503,1.29516,1.29503
1867,2023-07-19 15:16:50.843510,1.29516,1.29503
1868,2023-07-19 15:16:50.918184,1.29516,1.29503
1869,2023-07-19 15:16:50.990854,1.29516,1.29503
1870,2023-07-19 15:16:51.059736,1.29516,1.29503
1871,2023-07-19 15:16:51.240250,1.29516,1.29503
1872,2023-07-19 15:16:51.321852,1.29516,1.29503
1873,2023-07-19 15:16:51.412203,1.29516,1.29503
1874,2023-07-19 15:16:51.489478,1.29516,1.29503
1875,2023-07-19 15:16:51.575281,1.29516,1.29503
1876,2023-07-19 15:16:51.654346,1.29516,1.29503
1877,2023-07-19 15:16:51.838063,1.29516,1.29503
1878,2023-07-19 15:16:51.987215,1.29516,1.29503
1879,2023-07-19 15:16:52.070951,1.29516,1.29503
1880,2023-07-19 15:16:52.137556,1.29516,1.29503
1881,2023-07-19 15:16:52.221441,1.29516,1.29503
1882,2023-07-19 15:16:52.290737,1.29516,1.29503
1883,2023-07-19 15:16:52.409885,1.29516,1.29503
1884,2023-07-19 15:16:52.578451,1.29516,1.29503
1885,2023-07-19 15:16:52.685630,1.29516,1.29503
1886,2023-07-19 15:16:52.824540,1.29516,1.29503
1887,2023-07-19 15:16:52.962984,1.29516,1.29503
1888,2023-07-19 15:16:53.083899,1.29516,1.29503
1889,2023-07-19 15:16:53.181529,1.29516,1.29503
1890,2023-07-19 15:16:53.281102,1.29516,1.29503
1891,2023-07-19 15:16:53.373695,1.29516,1.29503
1892,2023-07-19 15:16:53.461085,1.29516,1.29503
1893,2023-07-19 15:16:53.543865,1.29516,1.29503
1894,2023-07-19 15:16:53.623890,1.29516,1.29503
1895,2023-07-19 15:16:53.721731,1.29516,1.29503
1896,2023-07-19 15:16:53.845795,1.29516,1.29503
1897,2023-07-19 15:16:53.986547,1.29516,1.29503
1898,2023-07-19 15:16:54.064847,1.29516,1.29503
1899,2023-07-19 15:16:54.153695,1.29516,1.29503
1900,2023-07-19 15:16:54.216180,1.29516,1.29503
1901,2023-07-19 15:16:54.297002,1.29516,1.29503
1902,2023-07-19 15:16:54.398132,1.29516,1.29503
1903,2023-07-19 15:16:54.484641,1.29516,1.29503
1904,2023-07-19 15:16:54.564660,1.29516,1.29503
1905,2023-07-19 15:16:54.623202,1.29516,1.29503
1906,2023-07-19 15:16:54.705304,1.29516,1.29503
1907,2023-07-19 15:16:54.810683,1.29516,1.29503
1908,2023-07-19 15:16:54.965271,1.29516,1.29503
1909,2023-07-19 15:16:55.091931,1.29516,1.29503
1910,2023-07-19 15:16:55.224577,1.29516,1.29503
1911,2023-07-19 15:16:55.347320,1.29516,1.29503
1912,2023-07-19 15:16:55.461483,1.29516,1.29503
1913,2023-07-19 15:16:55.567202,1.29516,1.29503
1914,2023-07-19 15:16:55.665460,1.29516,1.29503
1915,2023-07-19 15:16:55.727846,1.29516,1.29503
1916,2023-07-19 15:16:55.794468,1.29516,1.29503
1917,2023-07-19 15:16:55.856953,1.29516,1.29503
1918,2023-07-19 15:16:55.939531,1.29516,1.29503
1919,2023-07-19 15:16:56.007202,1.29516,1.29503
1920,2023-07-19 15:16:56.076082,1.29516,1.29503
1921,2023-07-19 15:16:56.138239,1.29516,1.29503
1922,2023-07-19 15:16:56.218154,1.29516,1.29503
1923,2023-07-19 15:16:56.278348,1.29516,1.29503
1924,2023-07-19 15:16:56.358073,1.29516,1.29503
1925,2023-07-19 15:16:56.438162,1.29516,1.29503
1926,2023-07-19 15:16:56.498680,1.29516,1.29503
1927,2023-07-19 15:16:56.684278,1.29516,1.29503
1928,2023-07-19 15:16:56.746770,1.29516,1.29503
1929,2023-07-19 15:16:56.809254,1.29516,1.29503
1930,2023-07-19 15:16:56.887993,1.29516,1.29503
1931,2023-07-19 15:16:56.950478,1.29516,1.29503
1932,2023-07-19 15:16:57.013854,1.29516,1.29503
1933,2023-07-19 15:16:57.090731,1.29516,1.29503
1934,2023-07-19 15:16:57.153264,1.29516,1.29503
1935,2023-07-19 15:16:57.216298,1.29516,1.29503
1936,2023-07-19 15:16:57.301259,1.29516,1.29503
1937,2023-07-19 15:16:57.363921,1.29516,1.29503
1938,2023-07-19 15:16:57.451094,1.29516,1.29503
1939,2023-07-19 15:16:57.526067,1.29516,1.29503
1940,2023-07-19 15:16:57.600847,1.29516,1.29503
1941,2023-07-19 15:16:57.716547,1.29516,1.29503
1942,2023-07-19 15:16:57.821252,1.29516,1.29503
1943,2023-07-19 15:16:58.072990,1.29516,1.29503
1944,2023-07-19 15:16:58.168736,1.29516,1.29503
1945,2023-07-19 15:16:58.248522,1.29516,1.29503
1946,2023-07-19 15:16:58.351832,1.29516,1.29503
1947,2023-07-19 15:16:58.420509,1.29516,1.29503
1948,2023-07-19 15:16:58.482258,1.29516,1.29503
1949,2023-07-19 15:16:58.618776,1.29516,1.29503
1950,2023-07-19 15:16:58.695191,1.29516,1.29503
1951,2023-07-19 15:16:58.747111,1.29516,1.29503
1952,2023-07-19 15:16:58.826126,1.29516,1.29503
1953,2023-07-19 15:16:58.888611,1.29516,1.29503
1954,2023-07-19 15:16:58.967417,1.29516,1.29503
1955,2023-07-19 15:16:59.037317,1.29516,1.29503
1956,2023-07-19 15:16:59.090551,1.29516,1.29503
1957,2023-07-19 15:16:59.169417,1.29516,1.29503
1958,2023-07-19 15:16:59.236852,1.29516,1.29503
1959,2023-07-19 15:16:59.303844,1.29516,1.29503
1960,2023-07-19 15:16:59.371168,1.29516,1.29503
1961,2023-07-19 15:16:59.600555,1.29516,1.29503
1962,2023-07-19 15:16:59.700288,1.29516,1.29503
1963,2023-07-19 15:16:59.911723,1.29516,1.29503
